,a,b,c,d
2000-01-01,-1.4111968369036842,-0.1801180102813816,-0.2259480458449667,0.9774113255038107
2000-01-02,-1.012394326562226,0.9358952508876007,0.9108061803587112,0.2483969021911615
2000-01-03,-1.157274635909376,-0.06212673538283053,1.5996601435777096,-1.627755272787514
2000-01-04,-0.6774757006504465,-1.1238594340457921,2.3686066723415173,0.6650927871910529
2000-01-05,-0.4862526577531708,0.9076790622260567,1.6264490601680557,-0.9902689088368372
2000-01-06,-0.44071188250209065,-0.3725074811438288,0.6840947130190098,0.07105092863726996
2000-01-07,-1.537550659104582,0.44274003353353225,-0.6557995686544081,0.5717926985667541
2000-01-08,0.3347394443972595,0.5825218898828134,0.11730153354144567,-0.6180653545592302
2000-01-09,-1.703070114139037,-1.7575068134149514,-0.3825317147719924,-0.1999739544315162
2000-01-10,2.253791573727632,2.342856534504022,-2.04257193966836,0.437429887315299
2000-01-11,2.301221836071402,3.082294825592513,1.4799484655121398,0.12966831669649387
2000-01-12,-0.9786460722064788,1.3010670074488482,-0.1328693165246377,0.26940330176552335
2000-01-13,-1.6171698606869662,0.8257890549209669,-1.6648385527466372,-0.18877050688902047
2000-01-14,-0.7775089896518256,-0.8755301984350068,0.07568764683791941,0.41648484139626674
2000-01-15,0.7261467564269007,-1.5939466821088308,0.5437627881909464,0.2695469145524114
2000-01-16,0.8943648481785273,0.725990558902675,0.8869404075591792,0.682996112208063
2000-01-17,0.11464259556881895,-0.8081982803818654,-1.0476307017943634,0.10005996916418458
2000-01-18,0.8746523984017396,0.007600438977058819,0.5333322302519593,-1.5714316920938618
2000-01-19,-0.894782386854201,-1.9276496565284167,-0.8669443906253058,0.433577070674652
2000-01-20,-0.21822879164379874,0.37679274531509205,0.28692244724786387,-0.15859922682853686
2000-01-21,0.906271553289044,-0.5065366918797141,-1.7496884744118928,-1.6187960714086864
2000-01-22,0.7575162998698624,0.7733383156544765,0.19406067376406277,1.4833605302981243
2000-01-23,-0.16150062813240815,1.1026265681923353,-2.0524374898880136,1.8712148091841776
2000-01-24,0.6863800698559045,-0.20667566412579774,-0.3554795616625377,0.3354915238826237
2000-01-25,-0.5209964926734117,0.24295424061162016,-2.211126751930259,-0.7351181831550069
2000-01-26,-0.6021865750375403,-2.399799637004858,-0.2943099414617069,-0.5403284921889036
2000-01-27,0.5724914486852956,-1.0872821649141584,-0.6916903943826654,-1.2664137809574139
2000-01-28,0.3717783945928688,-1.2938728670021729,-0.6968194020382996,-1.628690662059806
2000-01-29,-0.870961513218457,0.6023193257105742,0.7164498095941928,-1.4892895007932105
2000-01-30,-0.09651927433847204,-2.0853150421347695,-0.3968222168102961,0.12739616403744972
2000-01-31,0.2682314699021322,-0.5262597729949247,-0.8901034191845058,0.013925716253043913
2000-02-01,0.8550549359439066,-1.200959947528814,0.7146877710669316,0.6121973445967676
2000-02-02,-0.09823546560373744,-0.1627108000294244,-0.7430778259039361,-0.44363797711524566
2000-02-03,-0.1430343803108046,-0.4605208140279163,-0.3743867645215745,-0.07597686286152308
2000-02-04,-0.6974188074210391,-1.2261538091415674,-0.16603509613559758,-0.23111677456802296
2000-02-05,0.7563199338363161,0.6753942178204437,1.0027934477765805,1.471092231064088
2000-02-06,0.6866814608745663,-0.9935857414484343,0.9160566038502216,0.6291083203165503
2000-02-07,-0.9401093202965277,-1.198581439600533,0.6003612995061325,1.092189222069906
2000-02-08,0.47346341605854175,-0.838960040823301,-1.8117315460689996,-0.23361608431734995
2000-02-09,1.403498585089298,1.0318823441166856,0.149094915130194,0.5343604618199221
2000-02-10,-1.000005928173303,-0.18560554781891753,0.599046616509005,-0.11402390090024032
2000-02-11,0.6392122958299495,-1.1045555652293728,-0.9781041139655553,0.5408137879550858
2000-02-12,-0.40820997912144236,-0.5525552465856102,-1.1704715512628634,-2.079782849044625
2000-02-13,-1.1953315816496741,-1.7023493878214417,0.3699215428729439,-1.3139644387970306
2000-02-14,-0.875069492667666,0.23066358573457807,-0.45330744420572905,-0.20651950129352972
2000-02-15,0.37646253150567327,-0.02932054727880608,0.022578008401718076,-0.24369561892845995
2000-02-16,-1.1988586200992482,0.7143799543363167,-0.6936405469976202,-1.458248149579207
2000-02-17,0.17738226116426015,-0.22625498530260882,0.8709578543161335,1.362072577076725
2000-02-18,-1.960512557771874,0.40774266018009947,1.0517618060637113,0.4516029222951728
2000-02-19,1.249899465838742,-1.2520796708246953,-0.5963848454472216,0.738147311253123
2000-02-20,0.9726553765379277,0.6189526557581582,0.4696903290699174,-1.099087311210804
2000-02-21,-1.8801770839643166,-1.296357399464211,-1.837476334302135,-1.3248196554796645
2000-02-22,1.4746453306010183,2.111818167371572,0.5047920927860319,1.0210210472508359
2000-02-23,1.0600404405136694,0.034866208955098184,-0.21237400664186676,0.3665632044549462
2000-02-24,1.2872514012955738,-1.2300370544993944,-0.8789744116217376,-0.8352738228320117
2000-02-25,2.0586138862509262,1.0225348719705452,-0.4114916982332049,-0.6622243819694281
2000-02-26,1.0407006009343351,1.7376297195226782,-1.3878242938104532,0.18868250941190579
2000-02-27,-0.035269399053037186,-1.4661999834473312,-1.3912463264462824,-0.5089294350242106
2000-02-28,-1.0792610356337708,-0.44112732515843334,-0.14813107827380473,-1.0104784655690227
2000-02-29,-0.5061889046808197,-0.7409951722329702,0.027218573935528845,0.22893498671472937
2000-03-01,-0.6915315219588494,2.0731533607901107,0.7934054959495018,-1.1766125721903227
2000-03-02,-0.561336681073697,1.8053174813289041,1.0527324762837422,-0.9545154772685085
2000-03-03,-1.2330458673078863,-0.47487475054186307,0.9953079322341808,-0.4228233790450726
2000-03-04,0.11771442650467091,0.4285491893465857,0.216250674888611,2.6490612252583126
2000-03-05,0.593776245440892,-1.2045755745766429,-1.698323229727875,0.4986212502619265
2000-03-06,1.7209123105677966,-0.4983497400897145,-0.6497550877531105,-1.3976482862045247
2000-03-07,-0.06816695198847028,-0.19094564981521728,0.09803133860369839,0.8820513325117457
2000-03-08,2.0023737494630436,1.9907560926489638,-0.21427559846280958,0.1180704747614142
2000-03-09,-0.6698525395088601,-0.6215795844767288,-0.05809146143035506,-0.328362778891082
2000-03-10,-0.20187025222944208,-0.6920137572376561,-0.8839814498338395,0.1795182152213994
2000-03-11,0.555283785991193,1.4474531309418555,1.2081835217388404,1.0380739723575494
2000-03-12,1.7568972217953642,0.08307422034447409,0.4508680587536149,1.0627672620660589
2000-03-13,-0.2581636067196332,-0.7623357928198077,-0.19368354439685406,-0.041581840797527365
2000-03-14,-0.7093051489503642,-0.9235161461358684,0.5247818237097466,-2.5438529417299107
2000-03-15,0.10770928010185844,1.060050773494803,0.3400592622787837,-0.29914023579142857
2000-03-16,0.8554456507172513,0.14801410998768547,-0.19531254571158455,-1.2771134425434691
2000-03-17,0.5295004472512498,0.6959643157465583,0.08569091517911238,0.36263825367349745
2000-03-18,-0.6277560085313005,-1.3287420137637396,-0.9607245963306331,-0.2913738027423427
2000-03-19,0.15931500098587323,-2.4134586810016896,-0.9642080167636342,0.13001017631621634
2000-03-20,-1.7156498872651325,-0.8883812916234864,-0.16324154639561664,0.5331882762692455
2000-03-21,-0.1586552749719014,1.7973644415262768,-0.5445452012326799,-0.39787181656853654
2000-03-22,-0.48069850917590706,-0.8175427264015507,0.08067935601759048,-1.8040527194070788
2000-03-23,-0.18883194903753062,-0.6635365118828402,0.7582173404199717,-1.0842787866677974
2000-03-24,1.0103387965239035,-1.37653043718931,1.1189661087157412,0.5170872798307785
2000-03-25,0.7381380417384545,-0.7953639272558042,-0.2160091382865441,-2.827965155308344
2000-03-26,0.3289350156752274,-1.0575030904260538,0.07965871729001534,-0.33098793497749
2000-03-27,-0.20659451715904464,1.0155725461583642,-0.19449620064077736,0.7160310727983926
2000-03-28,0.010271616375754846,1.3298260201221266,0.18681541152841497,-0.4286283687906201
2000-03-29,0.1847226198754048,-0.9468671671776852,0.017392914755377978,1.4543087743021115
2000-03-30,-0.821257446159604,0.8690918979220346,-2.3188988005615085,-0.8177850716451895
2000-03-31,-0.48910497160899014,-0.36783156721134797,1.3715448453224848,0.9109497303899531
2000-04-01,-1.1803587027161657,-1.7550981688072682,-0.5457073885342154,-1.4496337378726998
2000-04-02,-0.731140125302539,0.9321701268616032,0.8654983615711219,1.402195759716576
2000-04-03,-1.675981306931149,0.4145805072539678,0.32092987999202016,0.5226626896546105
2000-04-04,-0.5069959715248317,-0.8997288044774006,0.0579545150786343,0.13662419510998788
2000-04-05,0.5222748335099244,1.822485245264801,1.7949918981502337,0.2629266186650302
2000-04-06,-1.640205346043254,1.8331720614362872,-1.8890839578941774,-0.23742639980953276
2000-04-07,0.8082041951108464,-1.1941091379545963,-1.5749718301605253,0.4076084790970047
2000-04-08,-0.05945390206173115,-0.5305298784794252,-0.017094655752230518,0.30234479393908414
2000-04-09,0.6427535064502734,1.0678798905130418,-0.8653492869625854,1.4518020106095304
2000-04-10,-0.7116597789394461,0.7697267709996749,-1.425241953134489,0.823316717243377
2000-04-11,-0.45203085324743986,0.8333130927699345,0.6536315320405094,2.074656820750148
2000-04-12,0.4899985288509667,0.2822609475913521,-0.4743044160451517,-0.976207800418127
2000-04-13,-0.4531497046132705,1.0018514334122681,0.918247710490916,-0.6286372474729102
2000-04-14,0.2707011020467313,1.007898664789035,-0.020858980482480808,-0.4351849597796254
2000-04-15,-1.4896304395811073,0.3606009368716008,-1.342985751236976,1.3547588460275855
2000-04-16,0.4702561118621013,-1.0183804321524668,-0.8576500720305616,0.09344187615515427
2000-04-17,-1.525856399095697,-0.9100167696736632,-1.9549456452397485,-0.2602188813808292
2000-04-18,0.8520575765963511,0.3615085652819973,-1.4070575225236632,2.4963057877275876
2000-04-19,0.8401996746876633,0.27352912590489575,-1.1322021468279486,-0.3133696915966127
2000-04-20,0.32595815699666564,-0.09352175452051205,0.016229622130884944,1.3944734266627852
2000-04-21,1.1867649694397042,1.0466429368680399,0.7228453702091416,-2.202568873081942
2000-04-22,-0.772794767467325,0.6558426572766808,-0.944615652790679,0.07750174339077863
2000-04-23,3.106624428292825,0.9877769598117562,-0.23828426193111016,0.024522637800216487
2000-04-24,-1.3061364066576904,-0.6997596228618944,-0.960930854107764,-0.47654190196467644
2000-04-25,0.14283854904353252,0.7867290548611265,-0.304459738693048,0.7783068267502989
2000-04-26,0.7220294566091532,0.13014126605313436,0.4345144531252728,0.36392487780320576
2000-04-27,0.676806580498612,-0.9280773122054162,-1.1159124930533062,0.32037960555460093
2000-04-28,0.8278819800340764,0.2979021023348365,-1.3555195421516406,0.5434138835764802
2000-04-29,-0.40913692742556196,-0.06461920899680045,-0.7879563723003123,0.8199956360308301
2000-04-30,-0.2969041477511985,-1.557726486948918,0.2916770922772169,0.2977439763560164
2000-05-01,0.628460635985425,1.598149661709752,1.691519341996587,1.038543691406103
2000-05-02,1.857494474417677,1.335918084721015,0.4427096512547909,1.0642646337323842
2000-05-03,0.902641012520432,0.0932983680199519,-0.9803130526013442,0.18829650873238218
2000-05-04,-0.8199120920636008,1.0296157514276272,0.6835473928268998,-0.18269244705959575
2000-05-05,-0.011423901162585362,0.5526588845069687,-1.1127425706956657,-0.9079462019499139
2000-05-06,1.413508269938904,0.23787612147822243,-1.0023834067384902,0.1965665293078841
2000-05-07,0.4365345793998057,-0.25423773151309864,-1.250325182510624,0.8591169555978853
2000-05-08,0.218024080707554,-0.45813379173074664,-1.0942003412929158,-0.5359431855563627
2000-05-09,-0.8276309488516683,-0.48848366318470965,-1.72223687194985,0.394017500148931
2000-05-10,0.339423998282259,-2.0133203085148597,-0.5917243930117292,1.238204250437796
2000-05-11,-0.22669806334624898,-0.13288282800269016,0.3908811689617649,-1.0050690739234638
2000-05-12,0.9653722608687705,0.8679899041150754,-0.14331685128247798,-0.5642549238167511
2000-05-13,-0.2798987747953172,1.176124595672063,0.9629331178546214,0.567906787289207
2000-05-14,1.1565576011407241,-1.1620770520346466,0.25023477619724355,0.3902679962648908
2000-05-15,0.825060157980077,-0.2507273867350943,0.8064281168589221,0.11473570683940744
2000-05-16,-1.4422878969363788,-1.3545586967439198,0.24385901169818033,-0.03171570788896386
2000-05-17,1.4168066405337174,0.04026424812261258,-1.7022454924384924,1.1477363573989905
2000-05-18,1.321980921779738,-0.6893444961676272,-0.2459695263624721,-0.6134405506613144
2000-05-19,0.626668785502355,0.8835236167708401,-0.6590168118745534,0.6591440618368556
2000-05-20,0.1746908111925697,-0.6737312133685621,-1.466405879064215,-0.516742694979668
2000-05-21,0.18848822632054393,-1.9663822154282182,0.6146318557137357,-0.5215503905230947
2000-05-22,0.06757222854793167,2.1313874893308262,-0.5271707924993112,0.08057634424450438
2000-05-23,0.9801452946203968,0.31131732835778053,0.42551651576778576,0.3060096336498101
2000-05-24,0.26070375354543096,-1.4479468495901335,-0.5945910934492321,-0.04449186117663412
2000-05-25,-0.24945932180776523,-0.2854367437217486,-0.4101182751291435,-0.1437207484428734
2000-05-26,0.4799239422175746,-0.9960813256002056,-2.547902560605431,1.6635480788732298
2000-05-27,-0.6305804027645959,-0.8836450171807341,0.9903825463347139,-0.6544344837005827
2000-05-28,-0.2887388171096019,-0.22348762402887742,-0.8253937389293179,0.15220856712043299
2000-05-29,-1.3498986261384953,1.9195701315397304,-0.7760052682656178,0.9832507934317564
2000-05-30,1.0607022997426725,0.3701470708050898,0.12422968415998728,-0.6803692847023067
2000-05-31,-2.2212758192565856,1.354983392572752,0.4901813970688638,1.4858589501549686
2000-06-01,-1.0678535684317612,-1.7733327199454656,0.8788834013782072,0.1158192006724887
2000-06-02,-1.275633271250973,0.14283333708902243,-0.7653684040303019,-0.009602158274620298
2000-06-03,0.1487069116590886,-2.4856010366931494,0.009648140419698211,0.8626581674471389
2000-06-04,-0.9190508296474544,-0.8947796519154503,0.1363342663388538,0.12761007291424084
2000-06-05,1.915959745950858,1.554553303723248,-0.9508608587102892,0.7117160325472386
2000-06-06,0.703946288753043,-0.2861729560304227,0.34516182417294916,-2.2439167704240766
2000-06-07,0.39754802274938733,2.1075562438487783,1.8641245785567746,2.0318683052064697
2000-06-08,0.6434469051374564,1.6384479185216323,1.9825241668628109,-0.3645248257961714
2000-06-09,0.18668487702369285,0.3728370569865074,-0.44658732146342417,0.9726306346009947
2000-06-10,-0.6927242908003728,2.0469972358401836,0.8253608470783454,-0.9845192860621761
2000-06-11,-0.4762993832795705,0.20914637936518404,-0.1621861164913631,-0.1747261752330164
2000-06-12,-1.9598189530327035,0.5692591291478021,-0.23309650809694132,0.5525083665330436
2000-06-13,-0.011108194957921426,2.0390588646907055,0.4064081883211315,0.13598576619082237
2000-06-14,-1.6176159361848834,-0.7966004681062963,1.472238992652931,-0.6143906571651796
2000-06-15,0.3884272662649415,0.6934278431934282,-0.484095385474473,0.32431882860080147
2000-06-16,-0.04024438443200573,-0.7278305783464022,-0.6775661480870692,1.0944662798862057
2000-06-17,0.1898198555888956,-2.006563079381438,-0.8954559974180337,-0.6160726604039135
2000-06-18,-0.9883531957202417,-0.13154327605933078,-0.22341799684483285,-1.1297012227790877
2000-06-19,0.4669284183490699,0.2884116711070373,0.04086091863574944,-2.151817764026905
2000-06-20,1.3766020592725492,0.0645168336659392,-0.9820339663505936,-0.5350405051912932
2000-06-21,0.5347092332690883,2.107959179924803,-1.465803634366384,1.3995237467044845
2000-06-22,-0.26641349122185193,-0.35974935431933536,1.04916384915302,2.052573162052289
2000-06-23,0.7631949750130371,-2.438731149201453,1.4917101782072606,-1.2878831194434743
2000-06-24,0.5240036584008178,-0.6289621580019004,-0.8788354519440604,-0.31639707554553326
2000-06-25,-1.0815735656138599,0.2830179026053278,0.7793338661009337,-0.5107364769934405
2000-06-26,0.22032933945987224,1.4019410202994806,-1.7109810916689518,-0.16800670706926132
2000-06-27,0.5507587810093529,-0.4553190639573575,-0.19334012371014123,-1.1684879659992455
2000-06-28,0.40381316770340303,0.44629731860113886,1.8216284347351348,1.0002920679227358
2000-06-29,-0.8961141655751275,0.3376513015526951,1.4399718706874358,1.862701504185892
2000-06-30,0.29489104750566414,-0.10996154089415076,-0.5027297601054855,-0.09871152574893848
2000-07-01,-0.48507179224843094,0.1294506300156581,-0.360602715704485,-0.5181679756688937
2000-07-02,-1.2141704208851085,-2.0356160345892462,-0.9362723924814497,1.442842472202311
2000-07-03,0.9551469246048366,1.1008910298786958,-0.6727860890631965,0.2684103506535112
2000-07-04,-0.4923723605437733,0.10209764342967911,1.2003711660975613,0.6960764734613903
2000-07-05,2.62535720520587,-0.7101077667633453,-0.9900994302826651,-0.1663092589156024
2000-07-06,0.2787609997478873,0.12378444747608287,-0.08694975777301119,0.32437046888219556
2000-07-07,-0.833876177988634,0.10091541934380126,-1.4135128517825823,0.011020836427259761
2000-07-08,-0.4666467565278373,-1.0799165980101242,-2.1287678977697393,-1.254659205432632
2000-07-09,0.41324026494475213,0.818991280668525,-0.9120793815556901,-1.6731664348063637
2000-07-10,-1.4682184929560906,0.026528015693303725,-0.06915407613882285,-1.0814824112135255
2000-07-11,0.27954799873702674,-0.9785659763552103,0.7698444009839498,0.9194875117719905
2000-07-12,0.06999474970190665,0.14513026621956443,0.7189226484560997,0.20768320766211515
2000-07-13,1.6271746604669246,-1.366920136908064,-0.05156029957429467,2.054738464797042
2000-07-14,-0.8163960598497187,-1.0864356515919944,-2.3924552941655053,0.31522831294171816
2000-07-15,0.7505728199448207,1.0793344112170777,-0.909159394244968,-0.43748159006755133
2000-07-16,0.09011120720581761,-0.09597383666546308,1.3117933369629724,0.8204431134106566
2000-07-17,-0.5645464093638461,0.11649754557653963,-0.5352592628870121,-1.0046371317826508
2000-07-18,-1.7831282197566394,-0.9184926605029974,0.5825718391634794,-0.6645521881070198
2000-07-19,-0.05795527006008126,0.9934788756340732,0.3351122828859882,-1.5330014043422917
2000-07-20,-0.29762395625350224,0.6514810546530561,0.5731319444899564,1.133342905212408
2000-07-21,-1.7296722801180187,-0.8793170953312037,1.2883217051444984,1.8181492906282046
2000-07-22,-0.5383317032656348,0.22423861734527106,2.180408028416616,-0.17951438140799292
2000-07-23,0.6675000086321167,0.17077165512452339,0.7853003120205538,-0.1545025815240063
2000-07-24,0.6467481853856031,-2.0152761098032657,-0.42308245359522667,-1.5183670095190893
2000-07-25,-0.2740920732078324,0.4963293485747931,1.5786302897376099,0.8809320912592019
2000-07-26,-1.0701719977695627,-0.10484652164105021,-0.9587252937241456,-0.3482053254354514
2000-07-27,-1.1657766530471891,0.524252280604643,1.458007446354485,1.3129431613454563
2000-07-28,0.40972554189407756,-0.2918220624780943,0.552417741724673,-2.231989607728556
2000-07-29,0.5056089201123054,-1.2332599921280312,-0.6945242549528636,-1.3092017722316913
2000-07-30,-0.7630534375239194,0.06450913648556024,0.6974466822841133,-0.13352547992006283
2000-07-31,0.14516936531730448,0.2911475038497529,-0.0723980855924116,-1.5574965814901993
2000-08-01,1.6131592308180416,-0.26304342487405347,-3.1745171436466273,-1.3280046054307144
2000-08-02,0.9365471111386166,2.21409388173816,1.7770245329219179,0.993774542968406
2000-08-03,-0.029531999536124523,0.7320676153864115,0.2645002417320834,-0.5035498983497381
2000-08-04,-0.46536131435786915,-1.3471761060523002,-0.3446922690553742,1.095797623449102
2000-08-05,-1.1381309369679122,0.8926485091556279,-1.734990767482163,0.11245873943637771
2000-08-06,1.388637934427207,-2.099128198078324,-0.8349881335709208,-0.03559993906064751
2000-08-07,0.815658993446774,-0.8082436899179389,-0.7790342347377275,0.8995954119629348
2000-08-08,-0.9612764652083007,0.29870023634577375,-0.5176684770396711,-1.056526933143095
2000-08-09,-0.6026102328322656,-0.5074862295699561,-1.93893435261351,2.055526111343678
2000-08-10,0.14714026027232813,1.2430165910877706,2.4138709553246174,-0.010444036402076582
2000-08-11,-1.3356252359677179,0.7233841026645383,-0.026624775385021945,-0.8260380089945825
2000-08-12,-0.1428185148602244,-0.3926506575413349,-1.299087846073012,0.27063120366735843
2000-08-13,0.5019696196552693,-0.0068948984107872,-0.07508660081020997,-0.481963570177653
2000-08-14,1.5622947047924098,-0.46340654327953024,-0.3600419786679472,-0.4206495050347025
2000-08-15,-0.5981928369828625,0.8940928096732895,1.7466381702008171,-1.1874840876065877
2000-08-16,0.13657868490140226,-1.8980638317612832,1.0455926439137788,-1.0544022005307443
2000-08-17,0.7190525640477106,-0.7114056130720221,0.7148544717780522,-0.2652934301364915
2000-08-18,-1.840794732825544,0.2521055492963293,-0.48675444148858765,0.05966152928439586
2000-08-19,-1.395440717029131,-0.4369768331800767,-0.79363296129572,-0.103179706389069
2000-08-20,-1.3086563347946543,-0.004695537176111647,-0.4070196358897092,-1.2226604229790095
2000-08-21,-0.6427925583568315,0.08200874239949085,-0.5129679665584301,-0.8347570917858363
2000-08-22,0.6130510307050423,-0.12365082572394907,1.101888271741384,0.17584124649607374
2000-08-23,1.2827640956439914,-2.352065329189313,-0.49227141160296395,0.18440821279078795
2000-08-24,-0.5539650969780076,0.09866195672135278,-2.566472597299762,0.6959511829006242
2000-08-25,-0.7713324837591006,1.462487599393985,-0.7298329123466509,-1.3315787237483514
2000-08-26,-1.1490301107630063,0.17966958705433644,-0.8588219578296015,2.2275074543857114
2000-08-27,0.3845220517053437,-0.029346655906967785,-2.867861311691902,-0.07717850710814066
2000-08-28,0.3525594066858416,-1.1650618934972348,-0.3206631916951098,-2.1067078762109652
2000-08-29,-0.7141599588963329,1.934290805120184,0.6177065096868527,1.2700213115506602
2000-08-30,-0.3574299933231275,-0.0293149651255907,0.3287736174481551,-1.7736414167195322
2000-08-31,1.2601390400417392,-0.6974517117596799,2.3282111558817795,-1.4590222373523
2000-09-01,0.1747581556772845,2.9220716969788803,0.4217118162686652,2.072874286515023
2000-09-02,1.1163664764561432,0.35263440209626146,-1.2910668511053685,-1.3838910830958058
2000-09-03,-0.07243118569958132,-0.5930618845050457,-1.2683484839013088,1.3389086149505267
2000-09-04,0.26262351747381957,-0.31004600256029013,-0.8827038984544828,0.780494113931242
2000-09-05,-0.7019721187202269,0.31766317687800044,-0.26048418156409103,-0.04775897741975866
2000-09-06,-0.62379720732001,-0.05017067822985238,-1.2440401928811624,-0.3034768436167502
2000-09-07,-0.3331527330136081,-0.42800625995291663,-0.7507943833677423,0.20742996769360786
2000-09-08,0.2761293738527632,0.33629938270834386,-0.5904541298876252,-0.5999987158169913
2000-09-09,-1.2191370765537664,1.1456783293819663,-1.048120222089142,0.003739401424254397
2000-09-10,1.7454643069006004,-1.400449789353989,0.006097732329047947,0.35102521198484726
2000-09-11,-0.4223424720259842,-0.45489218982688745,0.7463125677274389,1.4464901308601197
2000-09-12,-0.6831621553778031,0.4343964780393664,1.4725920176875011,0.3572705595871379
2000-09-13,-0.6526512838969224,1.2841321692073977,-1.8762941983766945,-0.35646444971403063
2000-09-14,-0.22715017385857786,0.31569246542098695,-0.4060348951669987,1.105418347657391
2000-09-15,0.18440964553896214,1.73816532571229,0.4503521150893397,-0.49652988887314786
2000-09-16,-0.21747666830703474,-1.3813895961912395,-0.40109338627206953,0.620592689367691
2000-09-17,0.03494241284488282,-0.4828040162024706,-1.6401652367862947,0.5637180236371669
2000-09-18,0.35327978055992204,-0.39647624576367935,1.0465045711128904,-0.5250355886415872
2000-09-19,0.6928536909176528,0.09591289928788135,0.4100540601922673,-0.10272746311330797
2000-09-20,0.1377110322286134,0.2685020369600912,-0.8546186711475892,0.6917468271195373
2000-09-21,0.7457270829029179,0.5334593075656195,-1.5421762324566772,-0.9813532354499923
2000-09-22,1.52035571365089,0.43024685664950657,-1.714244417528509,0.7936677659426964
2000-09-23,0.12695447667216156,-1.0343075498798728,-0.16326068709854902,-0.4913398879589034
2000-09-24,-1.646237105754996,1.7549857764386825,-1.119655183283778,0.13641970609390008
2000-09-25,0.7063378188593499,1.157782328539719,1.4237390147134408,0.5174098035909257
2000-09-26,0.5367184725045162,0.9648521434232985,0.9133000111787193,0.6842739733248615
2000-09-27,0.6046792329487944,0.5224840665258272,-0.07521220726065872,2.358361900587893
2000-09-28,1.3556567322209612,-0.41283049572462827,0.7883679154817478,-0.9485890124435149
2000-09-29,0.5910723833722722,1.1684240722195391,0.057885837325597954,-0.07420005418036926
2000-09-30,0.16149873780854163,-0.7926262980727578,0.9616674454771321,0.6107975108177455
2000-10-01,1.4134306285537492,0.839404227422087,-0.016267512624304103,0.37796836357824604
2000-10-02,0.6307349199468619,0.7744734225218673,-0.04903469585792496,0.007731840020403972
2000-10-03,1.7903368457536528,-0.6411583320121428,1.1768299533911142,-0.10755293094703895
2000-10-04,0.4701879966541599,-0.004042797366232943,-1.0357827892686209,0.3865629990123658
2000-10-05,1.63791770146444,-0.7374888764138081,-0.45001341208828116,2.075384434888971
2000-10-06,-0.28490558395939686,-2.641306924093982,-1.5565165235524665,-0.30827955648180283
2000-10-07,-0.14756569493086316,-0.7694865704487133,0.18797792529170648,-1.0165284361390108
2000-10-08,-0.04109188688970546,0.5347265906798012,0.5889184239978843,1.980031295503459
2000-10-09,0.28692239995500063,1.3825082961234403,0.788807899502528,-1.394156818516445
2000-10-10,0.22543166697748723,0.18853861339204192,0.7172322813576244,3.0769751053233385
2000-10-11,-0.8928728247662898,0.3706816410903378,1.5143200098382912,-0.3751297824178277
2000-10-12,1.587217889092532,-0.4110532528711383,-0.16550177994629844,0.87214513287903
2000-10-13,1.0116539025654026,-1.285339242049156,0.7509553600535791,1.0426201102652897
2000-10-14,-2.1867610158356996,0.8206367774316584,0.7867598877725224,-0.49808898140218466
2000-10-15,-2.08662029130003,-0.3704747708167143,-0.2932813989408966,-0.4564041491458203
2000-10-16,-1.0113886414516922,1.6909531987997934,-1.9142137882061148,-1.1938834327297696
2000-10-17,-1.8377126489410214,1.8278172240605934,1.2583658447489652,-0.5998646957843032
2000-10-18,-1.4546166713411952,-0.5771693588623041,-0.0016866491093326926,1.6950433483694964
2000-10-19,-0.8618991130455286,1.9848619989644247,0.7494861586723791,0.3613896119283439
2000-10-20,-0.02403049784532565,-0.6699964504343512,0.06940220360920131,-0.3238145526478603
2000-10-21,1.4420204949503783,-0.23429224975416807,-0.8112728677864143,0.6763242318867233
2000-10-22,-0.1324884623717405,-0.6311690312437676,0.5027186186880233,-0.5569319721970645
2000-10-23,0.1305424664810862,-0.4016446010929559,0.1502028997615435,-1.321134031213749
2000-10-24,0.27483919126446554,0.6810255678632832,0.7815174506805356,-0.419323218288864
2000-10-25,0.8648130412081793,-0.43126912377346266,1.3496420269157785,-0.5562390439068233
2000-10-26,0.5898417948215049,0.4799009000886086,0.8752229149290611,-0.10955375242252298
2000-10-27,-0.4861843058866599,0.551874356805465,0.24710337181488454,0.2514453183537172
2000-10-28,-0.7709135259681462,0.6717091467825953,-1.6149994506321785,-0.03240318083879806
2000-10-29,-1.0199808326739868,0.8050727057863113,1.138214136619382,0.4998095732150684
2000-10-30,0.49717905541930085,0.1034071510662896,-0.5513339181278487,2.071797644696273
2000-10-31,1.188588761869669,-0.8862852212740456,-0.5091174949620938,0.5028285599489807
2000-11-01,-0.6424297443728575,-0.18078358554876064,-0.698002806047102,-0.4549416033423836
2000-11-02,-0.43439072188106576,0.5846082266830482,0.3478029275968624,-0.31953956362371433
2000-11-03,2.4765615737299513,-0.6736107797334189,-1.7944858087995537,0.2993014948871586
2000-11-04,0.6331691303459288,-0.4865675951698732,-1.3384989964374379,-1.030611297522126
2000-11-05,0.0838639249521098,-0.4479447056830616,1.1485600920000876,0.12843678927325985
2000-11-06,0.3161835257043665,-0.6260366539958752,-0.8378008676626338,1.1597621337187944
2000-11-07,0.7390726415962913,0.15414255897044601,-0.6483389371084464,-1.18468441832162
2000-11-08,-1.0895970823873082,0.1061834715286946,1.132935901624742,-0.5267859377079404
2000-11-09,-0.7010005799576744,-0.3847944923248595,0.9571347610720587,0.10039992270038324
2000-11-10,1.0569591922293287,-0.9716021428701823,-0.64482787210467,1.391276230278399
2000-11-11,-0.9387335061678934,1.1970094560793827,0.4376046045315693,1.4721995322437327
2000-11-12,-0.4435759183914908,0.0028932848091459797,1.5650527234205038,-1.5907276773418624
2000-11-13,0.045128880761850954,-0.38742088910517153,0.11897159729262378,-0.6974351923920125
2000-11-14,1.3849816592639312,0.3984583582507107,-0.2482919632839844,2.1293493349581403
2000-11-15,-0.16620490389472098,-0.49664073512693346,-0.40128698409047464,-1.4590902889043054
2000-11-16,0.8263609998019739,-0.3121903574156804,0.35849511598566286,-0.06533217087064759
2000-11-17,0.4775689155934285,2.2289032898205816,0.6029141575906598,-0.4289251345640854
2000-11-18,-1.5281888141332698,-0.44920820021883134,-2.238595702027429,2.9397456886573567
2000-11-19,0.723713467180603,0.6485276819171064,-0.9049947884492374,0.1097055071896354
2000-11-20,-0.6151574689515881,0.5024340760280012,0.8425881922491318,0.1868179846867499
2000-11-21,0.5481689440584409,-0.38599045670017423,0.7565664698464533,0.49802378400421515
2000-11-22,-0.8537968738956669,2.3336707552434888,-1.2562407674837017,1.7228678024156112
2000-11-23,-1.170443153920232,2.2982731120375224,-0.08996394888564588,0.3046180267138912
2000-11-24,-1.1752949945408668,-0.48313148689446916,-0.6167903606593117,-2.0930502870801857
2000-11-25,-3.023063950727067,-0.052516137655686,0.5536383153071532,-0.9212039579731585
2000-11-26,1.7066046305556228,-0.5285931332018936,-0.759617534771217,0.4607575671597598
2000-11-27,0.39215452644332494,0.822157352622255,1.3166816361084095,-0.5783188585257864
2000-11-28,0.9867183395913537,-3.04291812723908,0.22678518236467549,0.285988993241126
2000-11-29,-0.603559792083912,2.024599498269023,-1.401765624798982,0.7261106135171967
2000-11-30,1.935597430760587,-0.726106653852271,1.5808857355179218,-0.838878531743439
2000-12-01,1.1079162287387594,-1.2119557202575177,0.19960397535973406,-0.5050816738062274
2000-12-02,0.2733916923198965,0.1721887573433564,-0.5558643330851337,-0.10629731340317893
2000-12-03,1.4210330681953025,-1.2824742570292929,0.24958272775246335,-0.1592291911541083
2000-12-04,-1.1978932582269814,1.4498666662499433,-0.10298194168249523,-1.3135042982500402
2000-12-05,-1.9985118787061762,-0.4232249918767647,0.6330685055433221,-1.42742840151439
2000-12-06,-0.422188123637573,-1.2489499980433438,-0.3176507470939499,-0.27079495710963075
2000-12-07,-0.551619245773449,0.37359547589963227,-1.3256977397352532,-0.7884039363274434
2000-12-08,-0.8388850806979593,-2.8039049220769066,-1.2095017227759493,0.02613113386561393
2000-12-09,-0.4475448689427473,0.06210908400593925,-0.287617635278205,-0.7478835808850274
2000-12-10,0.09536093749167929,-0.47195231059125115,0.17202674209832755,0.3476532537227423
2000-12-11,-0.9125212051778244,0.41888557271786175,0.31152362440265113,-1.6043126590459356
2000-12-12,-2.174388812454219,-0.526314673807741,-0.2567093836424309,-0.9167740761337572
2000-12-13,-0.13341519039151536,-0.5458618788172359,0.8239159420401216,-0.24736819648000904
2000-12-14,0.0023850205784789083,1.0919149240685304,-0.961010269337544,1.3163116272115394
2000-12-15,1.083830813067312,-0.9289452163660245,-1.2947623040397924,-0.8349713215562391
2000-12-16,-0.6821952682875456,1.0022001622247925,0.10900747885049128,-0.29689766187143607
2000-12-17,0.19273659378933328,1.6565279381299773,-0.21078704977873614,1.1415706733241158
2000-12-18,-0.039460145112579295,1.853744175513596,0.0796061618666828,-0.577316892655327
2000-12-19,-0.8118303367666501,1.347397380293627,0.5052130558783235,0.8437864608889729
2000-12-20,0.29346885139227086,-0.39908699622200006,-0.7948982464729117,-1.3214585959567866
2000-12-21,0.8497052388455182,0.6648061199471165,0.18824252316027762,1.2424808993086605
2000-12-22,1.0633716625389578,-0.635571778157571,0.7659400103385725,-1.0231477037458947
2000-12-23,0.7199668371193695,1.1833369550828445,0.9494120485915452,0.7722960909810838
2000-12-24,0.5957058479230447,1.906499381032007,-0.1060217924520875,0.5146580826390098
2000-12-25,-0.04791622487101992,-1.087103119259342,-0.5455482882311742,1.1734306445597695
2000-12-26,-0.6735548433620306,0.15960514038490928,-1.4771580856756221,1.0733914448076476
2000-12-27,0.6332166791815287,-1.2760520288568156,0.4921740397622998,0.680192208687351
2000-12-28,1.135568063038186,-0.055505264680061034,-0.3385700601036009,-0.6018602529335841
2000-12-29,0.5659897029117745,0.6305713091220845,-0.5178980954611796,0.3839977720231034
2000-12-30,-0.4025432311177162,-0.6496778866944096,0.016377175936396798,-0.026629526665952148
2000-12-31,-0.5349569696849965,0.18482271629402253,0.5363902651288802,-0.4823301935958782
2001-01-01,-1.1004200427494977,-0.55973106569834,0.8481518941685324,-1.254561852430106
2001-01-02,-1.123667117481631,-0.4795552933310951,-0.58628063799521,-0.3098461204321633
2001-01-03,0.6280752486790984,-0.8389768598740397,-0.2515387037266067,-0.24731798992385973
2001-01-04,1.6360505645076127,-1.2090100137814803,-0.8820307701549958,1.3375230961823505
2001-01-05,-0.20487043697365867,0.18979654061196402,0.18981135816894232,-0.8661941693002266
2001-01-06,-0.9253572836310364,-0.30741874493348215,0.34957658285465265,0.07461963373597987
2001-01-07,-0.6839711165303457,-0.7255313521574563,2.250823615661345,0.1873238749878191
2001-01-08,-1.1120029400137486,0.48807285209665213,1.0622957928299643,0.5579753396934048
2001-01-09,-0.37370341927486256,1.1700984414430677,-0.5100860484619837,-0.6864722513319187
2001-01-10,1.7202328494284138,-0.16501934682116898,0.6236407983408125,0.5197635442440373
2001-01-11,0.11122114955208168,0.4782762934890925,0.45659215296495803,-0.451657167266798
2001-01-12,-1.842227008380484,-0.8954780288605945,-0.1201839681963098,0.44202027952603007
2001-01-13,0.27721273340582026,0.5951554841652634,0.9840795519069344,0.823017964480204
2001-01-14,-1.6805859592631698,0.0181134210891698,1.1613535226545646,-1.684415776722992
2001-01-15,-0.05711500084698929,0.0439322049195135,0.8051320948678761,1.1326716994269475
2001-01-16,-0.8143900445760279,-0.43051267227858814,1.2060301116646273,-0.6660548594237015
2001-01-17,-0.2507713830795887,0.9549514463793499,1.5900692364932334,-2.7056753650667957
2001-01-18,0.23999603826226296,0.8801300312955613,-1.317816753830592,-1.2958978455731756
2001-01-19,0.7102737902163561,0.9662600234203302,-1.3431278882197988,-1.091427406394383
2001-01-20,0.08148281016868243,0.38598428730572826,1.1054151924925093,-0.2926197106128487
2001-01-21,-0.5694374695943083,0.14230514659685592,0.7992367137987899,0.1506602095108944
2001-01-22,-1.3203529091986692,-0.016262269767361035,-0.5974689817363216,-1.4824153807706835
2001-01-23,-0.4312165333042377,0.6742330957925851,-1.2439522947096184,-0.04821103822598802
2001-01-24,0.20078915956428808,-0.8045791069733599,0.9608067308290624,2.0318629658095664
2001-01-25,0.16360396266135505,-0.12842464297191475,-0.5556043129778676,-1.4602114389853469
2001-01-26,0.0018374826206512622,0.9954146122157224,0.6933343205667462,0.13301773273026093
2001-01-27,0.13483780445846288,-2.5096468803436274,-0.038800207358021005,1.4671758025314436
2001-01-28,-0.40955030569663387,0.486693482214653,1.0164814987139383,0.34043738663290674
2001-01-29,0.5295544488607954,0.9229471158991769,-0.6974492290116814,0.5338222424574234
2001-01-30,0.6452780062640546,2.125102936052951,-0.5601992417551368,-0.7311742514278702
2001-01-31,1.0115583361236957,0.9307023445114343,1.1326711605958861,-0.60325797811957
2001-02-01,-0.40752945329183005,1.3788530798225642,0.5494818120846647,-0.5825202140894922
2001-02-02,-1.4353769104584082,-1.4881313053996572,-0.7996523466361775,-1.395995579671821
2001-02-03,-0.757183233956572,0.7518819449250208,0.0593266606257646,0.5318329577104117
2001-02-04,0.5546807879941733,-1.728301224818626,-1.1249301214059975,-0.6284555199740584
2001-02-05,-1.8416181565772884,0.766788528938952,-2.0606059954217333,-0.47788542259297956
2001-02-06,1.170985520571516,0.881050903807559,1.0341078065769085,-0.6689488416264004
2001-02-07,1.6167987216470594,0.26782305787611826,1.3682507543071571,-0.407772484816358
2001-02-08,-0.19961902931456219,-0.13117495102995025,-0.11994770713853485,-0.1667689690522121
2001-02-09,-0.25108908911362604,2.0686310469954217,1.093174029765397,0.11145010033101964
2001-02-10,-0.6460113017703054,2.303992826687321,-0.32934664281835674,-0.5703316155489073
2001-02-11,-0.5596722514903268,-1.3483406958485524,-2.3137938476779105,-1.0910758874366215
2001-02-12,-0.5560393817429802,0.22108962356249212,0.767355734635414,-0.4485035452930953
2001-02-13,-0.29979264271050293,-0.985134474162202,-0.4100165643601474,1.103059305195529
2001-02-14,-2.2865619969313684,-0.027918800182716523,0.537166119632149,-0.2667566208409939
2001-02-15,-0.13917619580831309,0.003895219522893087,0.3688190814822213,0.936814748702584
2001-02-16,-1.2235570275057888,0.5185504108221548,-0.23266803909701794,-0.5911066928400378
2001-02-17,-1.0255460258348033,0.22697927371507526,2.6528054517407194,0.20167162543112732
2001-02-18,-0.8720038103867932,-0.4548588816321634,-0.32597365623352137,0.9119602330008556
2001-02-19,0.5426883894194744,1.337237801297417,1.3028255271743563,0.06253395975445944
2001-02-20,-0.12152208774522136,0.26233018106265826,0.30562027021018995,-1.3573606560097615
2001-02-21,0.9746497720889147,1.0217790153352782,-1.0150775462462396,0.1459856904442978
2001-02-22,-1.6548491884785652,2.173249015103873,0.5814942236680424,-0.20447896350418773
2001-02-23,0.08539101009933064,-0.6805228312403137,-1.2090649370840136,-0.5490359925134504
2001-02-24,-1.2465677808161773,1.2940455886400581,1.371852943422013,0.6092383225430608
2001-02-25,1.7798342375222604,0.6448423027540812,-2.2536166198948475,0.0795601782138636
2001-02-26,1.345601787600249,-0.947716267907052,0.2421498618477318,-1.2968397995219967
2001-02-27,-0.24297018155790484,0.7182370597649071,0.38122383907602303,1.1635490498128056
2001-02-28,-0.28074790619920253,-0.8268510802837701,-0.2358711739588164,1.5377742750166554
2001-03-01,0.28478583246781397,-0.40907910842228173,-0.5878208382650858,1.0162729877999486
2001-03-02,-0.16972927387350312,1.075707638806767,1.5854292652930464,-2.3343389699545143
2001-03-03,-1.8067660690322116,-2.291527331056243,-0.39469821848542225,0.6815075130503669
2001-03-04,-1.018676471629062,1.6301074113153233,-1.1375594839847398,0.8481057556750372
2001-03-05,-0.7114413943454215,0.39264826009642845,-1.6169068601635466,1.4901606648359924
2001-03-06,-0.08813242081094334,0.3674444872413013,-0.8192729561500186,-0.29035772051080583
2001-03-07,0.8695519082477584,-0.7830215620519975,-0.4331455123184053,-1.1353437437396334
2001-03-08,-1.5056430777127847,1.7152039214122383,-0.7039227265052311,0.33318901204672996
2001-03-09,0.7420249612338059,0.8257083333806264,-0.6849683088109869,-1.1072917464484884
2001-03-10,-1.945024668054439,0.7805827866080478,0.3727921660459527,-1.292859028563541
2001-03-11,1.143160216921271,-1.1808956706975522,0.35349566108510877,-0.1409277898498824
2001-03-12,-0.8520576563431193,-0.2672592502242461,-0.564840557735735,-0.39880931111382856
2001-03-13,0.7021803796487395,-1.9088331480523104,-0.8098057817576326,-1.9856089972074142
2001-03-14,-1.0631935640440744,2.9003407749766876,0.5806548217242259,-0.695207217571503
2001-03-15,-0.797786183876903,0.420294873854895,-0.6293878410228919,0.4476713915444353
2001-03-16,-1.8334445139538111,-1.1933550287196362,1.0477885926205446,0.9666687637813293
2001-03-17,0.6857321045133887,0.31138809808767176,-1.2159607710132305,0.5302970961012882
2001-03-18,0.8592190145860484,1.5566776210557385,1.2345881852917908,0.26374996142300305
2001-03-19,-0.6011303246803578,-0.30459914741245697,0.5726176580342801,0.21201609369047517
2001-03-20,-0.46636536637216935,0.3410489270694612,-0.13959095213965303,0.4492436348589128
2001-03-21,-0.9933459115473133,0.16880314263695423,-1.703357738071078,-0.8189244762052792
2001-03-22,-0.1591224406132526,-0.30379602696572605,0.7812719166341181,1.3127654731245406
2001-03-23,0.9888065470523646,-0.10118941776586435,0.943859184740475,-0.024721402043633142
2001-03-24,0.3450427014638258,0.1335325327001504,-0.8445979541199887,-1.3837965990667607
2001-03-25,0.3573787656722723,-0.575484638424305,2.1423787548525732,-0.08377321095677254
2001-03-26,1.168309825847734,-0.4205461112466471,-1.28409554881246,-0.5525258838929415
2001-03-27,-0.6365337716381981,-1.3735067505774303,-0.865837859430223,-1.5811996941199618
2001-03-28,-0.6067869219860336,-1.6739550537696257,-0.2775059842164913,1.586932924740395
2001-03-29,-1.565808455039698,-0.6158796866726848,1.2358182211429751,0.46882696573599714
2001-03-30,-2.024161497472949,-0.6206191955584687,0.12020053933009321,-1.1779964143280361
2001-03-31,0.04359763334254321,-1.2502842746930392,0.48218391218762763,-1.6172334182361026
2001-04-01,-1.6575256379487027,-0.3751883630051904,-0.5106648939394819,-0.40013747798457033
2001-04-02,2.2646763459616306,0.5217823823076047,-1.5521419764973872,1.284648022797625
2001-04-03,-1.0273623749077223,-0.8625610345564001,-0.5319321107938197,-0.29620908303087207
2001-04-04,-0.2448478592896215,-0.8512151373155151,-1.1126180591283674,0.4747940556060417
2001-04-05,-0.06807178960290033,1.0417563262799905,-2.237967417479524,0.54526235670714
2001-04-06,0.4723251293745531,-0.49782826808316827,-0.9010988073033317,0.8189766131975803
2001-04-07,0.17964951046960873,0.163444347442112,-1.6362346324512125,0.9497241731609102
2001-04-08,0.8384106989928672,-0.6911874551013382,0.22157014959997967,-1.0284395841961875
2001-04-09,-0.05018933147044621,0.7143921032061228,-2.0956477489566434,0.07678766842516523
2001-04-10,-0.6254623688418678,0.08841484095897822,-0.7951910529726353,-0.9610948142903487
2001-04-11,-1.4124486533977516,0.26176816865261004,-0.938128018055436,0.6849005301928124
2001-04-12,0.06661250207677545,-0.6569527841837508,-0.13788347566488798,-0.11235947042594056
2001-04-13,0.367959723553601,-0.27000347878377995,-1.4556775708438225,-0.3847200604213363
2001-04-14,-1.4286957877979645,2.1321334399776393,0.1862160722849406,-2.800128061268658
2001-04-15,0.2742108735629912,1.0392910093139496,0.8701429788634972,0.10051615093878292
2001-04-16,-1.8738360132315395,-0.8458784493804012,1.4012930960116203,-0.7020087393275928
2001-04-17,0.3425475620391606,-0.2535638626842523,1.6045959926458628,-0.3850711133626548
2001-04-18,0.5921989861397939,0.29798033643850125,1.8572662087881675,0.8506018959002031
2001-04-19,0.42732995227406145,0.4829725092766596,-0.21557815583609216,0.1172272657877752
2001-04-20,-0.4401160457061293,0.7015820595456916,0.4122544880467925,-0.5729323149917059
2001-04-21,-0.5408881966795495,0.6308162637220956,0.9354453614975624,1.4659619953864564
2001-04-22,0.3654264193043953,-1.164687182229763,0.1287509919183821,-0.609118310187221
2001-04-23,0.739920213202637,-0.9575367475338354,-1.1099327099547407,0.42850193178991713
2001-04-24,-0.38092901972858384,0.7924623012897917,-0.5168444137463961,-0.6336796853118407
2001-04-25,0.910647095769201,0.1646537178639964,0.7925026828321756,0.3543445709112792
2001-04-26,-0.6609809411258303,0.8999170628675119,0.7442809927444621,-0.37096599243855677
2001-04-27,-0.969475204358749,1.988593741345248,-0.08069003779085791,-0.5673712319085902
2001-04-28,0.5833089075270838,-1.220711275826558,-0.816291502595763,2.074022419121329
2001-04-29,-0.7118596635095917,-0.13130195670349554,0.42126761369182975,-1.4794106074465552
2001-04-30,1.3012062537132065,-1.2006468844322298,0.9630762295737736,-1.516233997644547
2001-05-01,-0.658245265665231,0.8437842391633403,0.5873566461307433,-1.5523697651766077
2001-05-02,0.15447237249943757,-1.0531356779924352,1.3159678352946664,1.338634208873678
2001-05-03,-1.1059097150839254,-1.126840761131612,-0.5309988460747684,-1.0528260388089568
2001-05-04,0.06973885318639535,-1.1367429082112537,-0.16945235404486259,-2.301799224108568
2001-05-05,0.4630573899616216,-0.9781567290562457,1.0497219081857276,1.617922769405901
2001-05-06,0.3878673044051252,-0.20497842764608304,-0.39544771392373906,1.8912443350590076
2001-05-07,0.7557925014420775,0.595757527120204,0.5257900198943675,-1.1579758334857269
2001-05-08,0.21487619058956942,1.8722241151932475,-0.052702553036534566,-1.1951248098909248
2001-05-09,0.5090050619208436,-1.0337958396421743,0.89141831045135,0.5866228868883957
2001-05-10,-0.8970628220574461,1.3419478185838525,-0.6427450494738097,-0.3613628322325877
2001-05-11,0.23565945595579516,0.4030240740226047,1.2899199396803673,0.15737984273472025
2001-05-12,-2.040128423505705,-2.0015079955384474,2.0282604656080214,-1.738098019969396
2001-05-13,0.27935884565623675,-0.925439804502025,-1.012520495842132,-0.29326262860794283
2001-05-14,-1.1105218225476081,0.49943062641272157,0.587332027598481,2.8775378786813386
2001-05-15,-0.3505933001674379,-0.7731169872887126,-0.000623771314137858,0.2947740807031571
2001-05-16,0.4606454795913314,0.17595717156675808,0.1379472449028467,1.422117692594078
2001-05-17,-1.0730098388966727,-0.04751153224968615,0.29575704864121866,-0.4922588767990103
2001-05-18,-2.0440003716355695,-0.4708327298688872,-0.2724555190429811,-0.11834818266379714
2001-05-19,0.3795862070975303,-0.8441024539260424,0.957534093161131,-2.1993733883378037
2001-05-20,0.04443126770167969,1.2582341142431275,-0.80891490339604,-1.0530661924487437
2001-05-21,1.9929257659608581,-0.3923504069056185,-1.5196555458002259,1.1230252961020983
2001-05-22,1.648363957815865,-0.36329932637256784,1.2523608717510895,-0.008435241651985977
2001-05-23,0.8640662713645403,-1.05047046538822,-0.827932196551856,-0.1602275819247699
2001-05-24,-1.5209236490314024,-0.244369781652211,1.2616710204975756,0.9255219347191159
2001-05-25,-1.6316280409021287,0.010731947544563507,-2.011709774068115,0.13886535983481593
2001-05-26,-1.132367816527016,0.016014628337046376,-0.21144854891662357,-0.20685475359235597
2001-05-27,0.8121329960659199,-1.227438865099854,0.4377071409709665,0.1734540944140456
2001-05-28,0.3026014362641849,-0.9383390643983123,0.032748487564289656,1.6271018176335408
2001-05-29,0.3977151366009648,-1.3947908941959237,-0.9761207069029175,-0.9544276292532861
2001-05-30,-0.031618572739847764,1.0800582161434178,-2.380714364191374,0.8547611428196841
2001-05-31,0.13617310799435833,0.5359053688083076,-1.1892943532189137,0.9727867668782421
2001-06-01,0.15514639184308635,-0.6500203471604774,-0.5168019546821909,-0.3700328803545144
2001-06-02,0.7332810601578711,-0.691115460675293,1.1602749338217524,-0.572531394496579
2001-06-03,0.8349289076398637,1.4553896296416748,0.12851322748449398,-0.5836321646475483
2001-06-04,-1.1163952639642387,1.0764378410254287,-0.27081081359946557,0.205244480882164
2001-06-05,-0.42393148735936265,-0.8483131995442968,-1.4416144274137452,-0.12570889375487734
2001-06-06,0.36813479038397545,-0.1042856839753213,2.0242438090852493,-0.40027303058184355
2001-06-07,0.6335459695185547,-0.2843355825767154,-0.7168963055816867,0.3080125444510371
2001-06-08,-0.41292705295879634,0.18981982593006588,-0.7561004982030237,-1.3440002885597746
2001-06-09,-0.2973199218143477,-2.4329445264348033,-1.236341928900684,0.039894239343922853
2001-06-10,-1.970350185592532,0.5731766149931292,-0.5181580223875687,-0.5415572864373512
2001-06-11,-0.9414089912439911,-0.6143813359597897,0.5898248925473843,0.15859114105863878
2001-06-12,1.2380530249424926,0.8377571471234238,0.8948550969083496,1.5691965233235907
2001-06-13,-0.5506194236877586,-1.634535764237874,0.24085057523611636,0.0597810051320293
2001-06-14,-1.4039979286407849,-1.6994209255516612,-0.9509495409441918,0.47123227952957075
2001-06-15,-0.034851445236441396,-0.6281818054904118,0.9123111476700995,-1.2750822537101474
2001-06-16,0.044499340124143374,0.6382455660219104,-1.1774221882064417,1.0156464788908701
2001-06-17,0.8910135018461744,0.13435122931483054,-0.8358607719127414,0.36557507949402895
2001-06-18,-1.2525155251479485,-1.406074992222337,0.6317314038717252,0.5354949014852488
2001-06-19,-2.3648045319806914,-0.3551447704812731,-0.5528093948429113,0.6766588548565029
2001-06-20,1.3025344834697543,0.22015662279503298,-0.7128121189133592,-0.05466779754979033
2001-06-21,-1.3073606042964647,0.8591648983416947,-1.1321387282198736,-0.33261463339998515
2001-06-22,-1.436450019863203,0.7611716127950193,-0.031064839218191826,-0.566021280971539
2001-06-23,-0.37266450673957385,-2.470688222743027,0.14343359222982946,-1.2413118438046509
2001-06-24,-0.3596412723761165,-0.5264821318666965,-0.10269065998858179,-0.7044971184570856
2001-06-25,0.6086100377589672,0.35966804586233164,-1.261094574440091,-0.7989658981148962
2001-06-26,-0.6993097732677723,-1.0483764790538777,1.5864157467648758,-0.16399413200110713
2001-06-27,-0.017260764289076358,0.858485844662378,-2.908511258263394,-1.088610761557866
2001-06-28,-0.9845925392242166,1.207396495165107,-0.9967368516570128,0.8779646055162612
2001-06-29,0.06939440260508531,-0.9460421318327614,-0.4266580694626432,1.2382426368337567
2001-06-30,1.1257149594109197,0.5701154821286338,-1.0011288796098194,-1.8699946136075107
2001-07-01,0.38402760232384797,1.2483844633678276,-0.371293342052636,-0.04040232960865639
2001-07-02,-1.5422455681606901,1.2431208416521917,-0.3002516449941051,-0.2839677698231287
2001-07-03,0.3884663919104875,1.0999857406924314,1.145984007588603,0.8046562108302764
2001-07-04,-0.9144898417051394,0.7732978019230464,-0.7705214008730867,1.1656166049055334
2001-07-05,0.8371171076770118,-0.15952519051318523,0.17014121046011177,0.4032659469228013
2001-07-06,2.313811288223896,-1.0927708503809765,-0.23313903053341434,1.4127804495553733
2001-07-07,-0.9960781075552633,-1.286130989117447,-1.634086809069011,0.9978656040113035
2001-07-08,-0.09040031135258159,0.07816998696983565,0.053291158736663825,1.2815930651043148
2001-07-09,-0.8132520472737446,-0.7932655684860173,-0.92826590808592,-1.079566913142805
2001-07-10,0.873786868806594,-0.7435033745629316,-0.9776570407438401,-0.35672939844756174
2001-07-11,0.6752250546242239,-0.08261959514450937,-1.254631871475872,-0.17150190144265964
2001-07-12,1.5879820530843722,0.2530451170656618,1.04116898744375,0.43220202195717133
2001-07-13,-0.9500912462143345,-0.6747609098524743,0.20184370046003086,-0.7730762917614233
2001-07-14,-1.1087297670649068,1.0422865373104122,-1.2080616432594409,1.1620773610459758
2001-07-15,-0.38301567421663163,-0.9908337078488513,0.11972139353611544,0.16669070858111615
2001-07-16,-1.8505672265857205,0.7176214272430883,-0.19626737881274753,0.5225280359379256
2001-07-17,1.2265839394128233,0.04607363188810527,0.5290445115187116,-0.005206999311457986
2001-07-18,0.39532529827863205,-1.153816733846527,-1.9650730797877602,-0.3974360217989576
2001-07-19,-0.05152287025999076,0.44635078356533897,0.5099752121722438,0.29608502112911644
2001-07-20,-1.3020327667480998,-1.2253242982857466,-0.5440655763136465,0.12402029506182626
2001-07-21,-0.43904968286987084,-0.3429691153888084,1.3532913473269774,1.2717070065718101
2001-07-22,-0.09134159336159944,0.40986415338414983,-0.12135841562505542,0.7910825712455121
2001-07-23,1.401427992003752,-0.34942951054361515,-0.045532748495114295,1.5027182802634884
2001-07-24,-0.027241214292478458,0.039195109400392274,0.24565444695072522,0.2955842866197636
2001-07-25,-0.16456425175390224,0.38670574020099807,-1.1912153944043085,0.7387386098856045
2001-07-26,0.11002915416266026,-0.25035652693501625,1.1948793966654898,-0.29794437462767515
2001-07-27,0.7049858787706886,0.42185897998827804,2.3505841793855367,-0.7001660187712802
2001-07-28,1.8257411322985708,-0.28583529851653106,-0.1990642398785756,-1.5763945912728845
2001-07-29,0.016702057180558963,-1.2938497762966399,0.043122525733338454,0.6378538682215936
2001-07-30,-3.18174085287952,-0.7973930300582863,0.43107383375787234,0.7890855266706915
2001-07-31,0.5814115905503319,0.36738661219906577,-1.3970256439376274,0.4672916141239603
2001-08-01,0.5731677110693237,-1.7552942126963085,-1.2345566639697518,-0.7424743930571688
2001-08-02,-0.2417289157818137,0.60512466320188,-0.2838951959619228,0.04130651892215916
2001-08-03,-1.0385657693083172,-2.138134437190499,-0.35158490758517813,-0.1140626351363979
2001-08-04,-1.5708624073268127,0.36431914791119163,-1.2973773780062723,0.23610408316967763
2001-08-05,-1.4797960802562777,-1.263184356058905,0.5302558815700849,-0.17420739107081085
2001-08-06,-1.417066537012785,0.6115985650957982,0.12612631818748524,-0.9341469624037475
2001-08-07,-0.8342255584250249,-0.7790617438628048,1.6974878765641406,-1.411386619373625
2001-08-08,3.161994353438666,0.20791590821215805,1.162527717487263,0.29579778628486225
2001-08-09,-0.7711976942130199,0.5949028763562826,0.8094315446680547,-0.40435523720597927
2001-08-10,-1.4854998620616502,-0.4603836989500805,-0.3772551218148193,0.3499542338095485
2001-08-11,-0.17607763630725465,-0.1081928805969787,0.7090676254084436,0.6572757131659376
2001-08-12,1.0287694368831666,-0.9891231941084775,1.0285973733273566,-0.5392913957860329
2001-08-13,0.5045714704193494,-0.8863166953539352,2.2141346552848744,-0.2691566577780991
2001-08-14,-0.05982798280335397,0.7371568871312405,-0.5768237841742127,-0.0241984651471217
2001-08-15,-1.099893530884453,-1.0110741899213072,1.1030859684734948,-0.9556569183856702
2001-08-16,-0.09570574817465054,-0.9120266214597651,-0.2723497609489687,2.3043778561453534
2001-08-17,0.5827691451059219,0.034100402118419415,-0.7889470573185151,2.269182114908974
2001-08-18,-2.3543969213172415,0.2618433149483783,0.2422613653545938,-0.7779495930262275
2001-08-19,-0.33925233849684255,-1.1308899691997734,0.2957760452300213,-0.36563462141313197
2001-08-20,-1.079725063928636,-1.7300997945223717,0.45188596277358434,1.831227469124197
2001-08-21,2.699468457268421,1.7731077553186965,1.3945900218871339,0.03539899926689952
2001-08-22,-0.5027727920118726,0.43650136198812056,0.750625219293761,1.359252339582592
2001-08-23,1.16553059593495,0.07361636499521536,1.2016095082674618,-0.9270935635192474
2001-08-24,1.0819550328893228,0.2865788125252461,0.3434148829030249,1.47964812241973
2001-08-25,2.53810550697008,0.9064155667018501,0.13385750163644036,0.6908362122646491
2001-08-26,0.861742711721871,0.21268255020620142,-0.7905737369884372,-1.0856549875889987
2001-08-27,-0.5590842765167704,-0.5250444722526818,0.3229327529822277,-0.061734977364448315
2001-08-28,1.1202816164827565,1.79264449179983,1.435338453597302,0.024327347393452367
2001-08-29,0.8007145428524407,0.001978806692594486,1.1507895478523384,0.6019492213614231
2001-08-30,-0.12272196589079437,-0.7728549456425282,0.5452709272010257,0.11423564091386024
2001-08-31,0.7760480494066516,-0.18312138289307214,1.423047797691172,-0.7143163048980133
2001-09-01,-0.35630767972556715,0.6638716746756528,-0.37538301911750876,0.1537810747589988
2001-09-02,-0.32924512218438884,-1.5698521206065879,-0.08650155453916392,0.8401840093635632
2001-09-03,1.0507586290937052,-0.42187663863565505,-0.5276123615299579,0.7670356316029445
2001-09-04,-1.1806913993385642,0.5140059234787059,0.791890901441234,-0.5559732884306059
2001-09-05,0.10126904447437375,0.7011787073848263,0.06950362866006156,0.3252734051479093
2001-09-06,0.7960677847467473,1.061704899213085,0.7886857705847791,0.27138020193757306
2001-09-07,-0.0009502148359878859,-1.5134097511519502,-0.846008452006017,1.260349939140579
2001-09-08,0.8011122332108395,-0.7523025922512987,1.8950890813996903,-0.1728980871158921
2001-09-09,-0.14355083816991082,0.1760170745813007,-0.6671206055478089,1.0593666622491014
2001-09-10,0.7113725124680469,1.2899897534547544,-0.14691065988463173,2.6226512199071284
2001-09-11,0.044341184114967826,1.266080268439282,0.4457321656117505,-1.0170405907141387
2001-09-12,-0.6627393944638759,-0.0908741486541204,0.96103547100664,-1.2276370111794792
2001-09-13,0.32850427314294073,-1.0834941084884895,1.2588896701363215,0.5615983533583593
2001-09-14,0.5304817356202522,-1.4489692351215864,0.12725665245826945,-1.6065241529709113
2001-09-15,-0.020373650162053156,-0.8359505952530121,0.882440935112677,-0.2192413239358466
2001-09-16,-1.4906521122342213,-0.002121833487045159,-0.21434521289535566,-0.9005817336488279
2001-09-17,0.13537610210035558,0.07747575116644613,-0.933194560122109,-0.4675773174382994
2001-09-18,0.2413557093361098,-1.079593916040174,-0.2698851510078472,2.009632778749315
2001-09-19,0.6709074963076845,1.1969936492530793,-1.6478966363098173,-0.9189987534709838
2001-09-20,-0.5220170885169513,1.8764378641326473,0.6982245389915581,-0.25271822792691945
2001-09-21,0.3648438482954086,1.5274473263332757,-0.4340567961255682,0.05257481493659139
2001-09-22,0.4267195988055473,-1.082085180047433,0.09227008504648349,0.7001232679155279
2001-09-23,-0.10802937093141966,-0.7864848456549902,-0.8838603260460438,-0.33473263924094454
2001-09-24,0.5076639558505646,-0.2526809056433373,-0.8394974918753824,2.065291754022289
2001-09-25,-0.22846900326196964,-0.4761684425430911,2.0975031448219155,0.7536236849528426
2001-09-26,-0.1026482083705391,0.8094748857383629,0.6650356677012,0.0845249550361837
2001-09-27,1.3987967583461058,0.2505463674100263,2.337189484941616,0.9308691350009779
2001-09-28,0.3614755028702789,0.6906043971604341,0.33036775211859415,-0.5279503358880298
2001-09-29,0.7681129574122678,1.2126722786155855,0.8410553123670703,-1.5382060717131651
2001-09-30,0.519890942849851,-0.758173157069691,1.2380926341053966,-0.08928700873776345
2001-10-01,-0.0978172364732918,-0.39896973836532174,-1.250302262218398,0.8928367033822436
2001-10-02,-1.0838868744951529,-0.5767846633762833,0.6584156974621628,0.2685932922498483
2001-10-03,-1.927677021899092,1.1840376447333167,0.39493147458165073,-0.6706340756673652
2001-10-04,-1.164390719409142,1.481784846901652,0.3463932535110221,0.6349194606771169
2001-10-05,0.5061125007204019,-1.1453159354687263,0.42592263133527675,-0.056469259821019684
2001-10-06,-0.42077045008663483,0.6161049505882553,1.681199811432898,-1.788610464782289
2001-10-07,1.8139209082476706,0.710204265457459,-0.48765744886223394,-1.6741798490766984
2001-10-08,-0.7547349001426058,-1.0094486679582286,-0.9003461797476922,0.5025236840248705
2001-10-09,-1.6210379815840426,-0.78711834789195,0.14373706348889345,0.07232338584740572
2001-10-10,0.19227848731971373,-0.8612609624879787,1.3184134014504527,0.05817740919671176
2001-10-11,1.084147861000582,1.2549869480814932,-2.0722826026040186,0.040750512770478156
2001-10-12,0.06346294465631946,0.6753549813666893,-0.3085694087805732,-1.5966370118983235
2001-10-13,-0.4256498184806784,-0.16569954500153283,-1.9036892505565077,-1.0214630532952576
2001-10-14,-1.2063573755816435,-0.5871525015899807,-0.5907779679899542,1.4408016735757265
2001-10-15,0.3289908926167096,-0.8523948833898357,0.1626156660661268,0.25301225118992016
2001-10-16,0.19460627302534966,-1.645049867096026,1.254033382511794,0.088076416469068
2001-10-17,0.4747541947454842,-0.8042499676427837,-0.3674291256107845,0.7556498505380377
2001-10-18,1.2251324460331,0.7482812090801082,-0.2048567802754269,-0.038763558269463566
2001-10-19,2.409732423070516,-1.0356221804963532,0.9084834980241365,-1.5660785124871313
2001-10-20,0.7023986475937525,-0.2550088332191573,-0.03463852523981288,-0.25534470004880555
2001-10-21,0.697877720540565,-0.21092302644771516,-0.9665008443101608,0.1766018859112751
2001-10-22,-0.5120163221468674,-0.11189102651749794,0.5996026047452047,-1.2317160545825574
2001-10-23,-1.347308239400941,0.5494342151526636,-0.180370494728882,-0.396803810597784
2001-10-24,0.4315867105186826,-0.7514776288599159,-0.41166504230770556,1.0436411761925937
2001-10-25,-0.5726724965911149,-1.634553337045854,1.1068378806621595,-1.42469115182903
2001-10-26,-0.8031852372124751,-0.21113865269256785,-0.04686612080874975,-0.2238645536399445
2001-10-27,2.519753256306598,0.10437240704809385,-0.7006012221713394,0.23476323610756752
2001-10-28,-0.3622238769175109,0.5796567100878124,0.6788463902290172,0.038610059099003544
2001-10-29,0.3864868442287662,-0.3521620346771645,-0.3012098704270059,0.8092692274496471
2001-10-30,2.3896874843096603,-0.15282522405846868,1.1613601039965493,-1.1430243268002724
2001-10-31,1.3169851075971502,0.6073186830419802,0.6750208874271153,1.4231024647461445
2001-11-01,-0.6378262435033751,-0.2662428001214209,-0.07735150356253848,-0.21775133052274934
2001-11-02,0.5684409465854787,-0.01563584432068376,0.9120654205406873,0.23934913345860306
2001-11-03,0.522714144743469,0.5982395476484831,0.8133409442611391,-2.832419052742359
2001-11-04,0.9377169778597474,-0.23090667387924482,-0.23881653882329762,0.07955467258896738
2001-11-05,-0.3900915652533453,0.9763249500755622,0.3461467461600341,-1.1629146260179668
2001-11-06,0.5191072551821859,0.7677410314966439,1.3280134679555926,0.3082418336726839
2001-11-07,-3.436059787669253,0.24115390113857543,0.17880141927803297,0.19089322395553168
2001-11-08,0.22561413852034476,-0.42552273278621583,-0.22970967348880383,0.1010138762411899
2001-11-09,0.36527843500378454,-0.03930844739172839,-1.8407424720137577,-0.30576777690506685
2001-11-10,0.9364077015297292,0.2751855348785643,0.23853630263972617,0.43022449618987274
2001-11-11,-1.1529949042429257,0.07745370658946688,1.6608624632013116,-1.4800240701574832
2001-11-12,-0.18916579695319202,0.9443753088523669,0.8425845279683822,-1.2309740018798385
2001-11-13,-0.60904006060371,0.24957870162730178,0.47601286708804763,-2.4605675751821963
2001-11-14,-0.6306615902078023,0.16296991215425286,0.6433128536163087,-0.16195365524515531
2001-11-15,0.9352165635994419,-0.9774668285362162,1.4299109672746309,1.1276777227405448
2001-11-16,-1.8318975032195517,-0.19174963372705234,-1.2369702636287911,0.05505177203569456
2001-11-17,-0.9603818987520901,0.24531204527464728,1.0297259690278475,0.7796882841414082
2001-11-18,-0.027233893765679484,-1.948865887955241,1.4078394634109186,-2.9786477387731116
2001-11-19,0.9399496257283007,-1.7292650300621932,-2.1078909402813633,-0.4514293411962297
2001-11-20,-0.2345089019304928,-0.48437321375467346,0.4871578650333634,-1.0233928517619433
2001-11-21,-0.3191554302164285,1.194119420997974,0.7492316267390482,0.35023816692568205
2001-11-22,-2.2967272394629052,-0.6527732700684563,-0.45524116560449934,-0.1526969388731872
2001-11-23,-1.8492206116400451,0.0012203845096620796,-0.3063023507200946,0.6926481085321713
2001-11-24,-0.5642620731643141,-3.6736371811235533,1.7394976657704064,0.25118679003314004
2001-11-25,0.29727969027536205,-0.41837785924448617,0.31303599658853903,1.5782341831775335
2001-11-26,0.8278581504954935,2.1202849279204248,-0.32903907252032216,1.0869137777866829
2001-11-27,1.2861149227637378,1.9579778051982089,1.2507072666022943,0.4953163961269252
2001-11-28,0.8064501868996127,0.20543046270070173,-0.3741886234432345,0.9408809766642684
2001-11-29,-1.21162371141784,0.014997750568434597,1.454713613543254,0.2591658697004774
2001-11-30,0.29466260529285293,-1.1718953754381831,-0.7305011878346109,-0.9082884728446798
2001-12-01,-0.8673619023379874,1.2823729015948981,1.9451781685909277,0.45248531473333026
2001-12-02,1.0349497333637545,-0.8880693797846224,0.7523049063370765,-0.16571808756434778
2001-12-03,-1.8409603096976386,0.7917040479547639,2.105361000513524,0.23909746941045001
2001-12-04,0.4650501755595347,0.3414412865293501,0.3730150193222216,-0.21781436263235632
2001-12-05,1.7203940358270795,-1.7029882466794883,-0.33803026938634234,0.5995303042727821
2001-12-06,-0.25228544845594486,1.5880176681554008,0.050883696477766825,-0.652190898030572
2001-12-07,1.065898604962435,0.4495163058545932,0.04059951131047308,0.5014719142736979
2001-12-08,0.5517365835286661,1.5496558273672416,-1.1258577841209847,0.8517492845370667
2001-12-09,-0.5152596177499462,0.4489154189397952,0.08111561692340927,-0.0230958146883078
2001-12-10,0.6946578264340707,-1.1117496337165866,-0.4872706232615723,-0.6789258328573673
2001-12-11,-0.05438698283818304,2.35247451469057,0.21149482580839837,-0.3769211132617408
2001-12-12,-0.5054713367213726,0.11949695442634115,-1.3950913730334036,-0.36873873534841234
2001-12-13,0.30455575366178156,-1.1806315741292321,0.6591933073968376,-0.3156433132272893
2001-12-14,0.5769652388958243,0.6232514393869478,0.8418528806790144,0.1769188013611532
2001-12-15,0.7633199844282699,-0.0848095271097365,1.5543310289188634,-0.7176815920483591
2001-12-16,-0.3580707641225093,-0.423258960402983,-1.0928737177441077,0.0114662234267587
2001-12-17,-0.19822972133842615,-0.19317733563848555,-0.5964499005361285,-2.404182175191176
2001-12-18,-0.8509110708980919,-0.4693660623842753,-0.612666130816558,-0.7158656881823418
2001-12-19,0.8782744045273473,-0.07159008448191648,0.6453274131943334,0.40221048360835937
2001-12-20,-0.549856089064614,-1.363388254448656,-0.5173710614979152,0.567424532512198
2001-12-21,1.9037559870063174,1.2002762551899617,-0.799595187954542,1.1643024933644275
2001-12-22,1.11744547165707,0.4254256857709114,0.2742625910138769,0.3969508645165413
2001-12-23,0.757372742959912,0.9570585924859071,0.3159722647250338,1.2025807920605693
2001-12-24,1.092384231681558,0.30269749220086345,-0.6257221051841071,-0.5898356308134571
2001-12-25,-0.1118879985039651,1.9328910873260456,-0.08595533158092394,-1.196749301950333
2001-12-26,0.5390305717016576,-0.4811079135096162,-0.5175593155888798,-1.324941826687358
2001-12-27,0.6606316836279538,0.9960766822957503,-0.6954141925027102,0.1451749085070849
2001-12-28,1.2096679953313532,1.3098062227828673,-1.2486214748935198,-0.6984052850147161
2001-12-29,1.5712112174338777,1.716926721535185,0.950233212195154,-0.03718543836188643
2001-12-30,-0.08877732657252685,0.8048316379046878,-1.2488069389735483,0.19183908175001685
2001-12-31,0.28452851755687647,0.2377773511367868,-1.4890003912190781,-0.08421158824835971
2002-01-01,0.33027190302297127,0.002775535472546128,-0.09066310133562633,-0.11096619976074866
2002-01-02,0.6748442366908535,0.4986670639311877,0.38572864308743987,0.016835341527487144
2002-01-03,-0.8243143467979395,-1.0527511369981564,-0.40627178819167226,-2.3613999347074452
2002-01-04,0.7994555941320595,-1.3337971936420667,-0.8033565531255706,0.819948941364394
2002-01-05,1.5354770783745042,0.988106494938098,-0.6101870164145252,-1.0407149002366753
2002-01-06,0.7810547724634965,1.2220608987693948,0.18496517235595905,-0.689529956085621
2002-01-07,-0.012680519713715756,0.6480285934653967,1.0512333898328377,1.7873996444001434
2002-01-08,-0.04177165585978904,-0.015680420817719844,0.5794871871027035,-1.1153771260455105
2002-01-09,-0.4071730108707735,1.364706916797066,-1.3642044858287994,-0.6577341422776969
2002-01-10,0.27156790429423194,-0.24725460772652497,-0.8769495271703621,-0.36063833562364295
2002-01-11,-1.5369234830343728,-0.0757052447026181,1.1873942917776024,0.461103012738289
2002-01-12,-1.846458987274978,1.222640153156865,0.9086866918931961,-0.16521804740403773
2002-01-13,-0.461382747075137,0.49265380849444085,0.8795188412933997,-0.29265155054180786
2002-01-14,-0.24319638160600857,0.11885230587894531,0.6983701236664964,1.6429866113472569
2002-01-15,-1.5104408991465543,-0.8837946610964862,-0.4931776748383089,0.5663770473030063
2002-01-16,0.6591588783093403,0.9081515125711986,0.8083933442458571,-0.9641861866586079
2002-01-17,-0.5169110511614089,0.5113601761877131,0.4903846853296057,0.7511402227725588
2002-01-18,-0.9267932111864643,-0.8875471256479376,0.37270519645697914,-0.6528294498934775
2002-01-19,0.5663216319852521,-0.23984967841958743,0.6871182797413832,-0.3493746657895507
2002-01-20,0.30981218865667054,0.16483050271204783,0.8670720675488662,-0.5956480186347544
2002-01-21,2.275329355462973,-1.6417049561672836,1.4472182894175636,-2.0742354784531694
2002-01-22,0.7526347565241563,0.13580273781859062,0.11665371301189374,0.06496499691436651
2002-01-23,-0.41803035664836014,-1.1547034062776147,-0.6028046739811266,-0.08226642403371655
2002-01-24,-0.9939612924567734,1.864763595045616,-0.7422742750440849,1.2347380854483327
2002-01-25,0.4000311150329696,-0.25511913190269014,0.16030639232823515,1.0193673496346478
2002-01-26,-1.4726989474468508,0.6370566223986276,-0.08721390667900235,0.45342970166815255
2002-01-27,0.31700361574763253,-1.9153389327751869,-1.3406455270189166,0.03038860923480432
2002-01-28,0.3289759991451783,-0.14541268155057185,-1.9851582893508082,-0.18187950480825613
2002-01-29,0.06052817413313883,-0.060922266825290186,0.007828325930304188,-0.8101177130343671
2002-01-30,1.3790181255835798,1.4837823846827896,0.10562652473602774,-0.32465557542387896
2002-01-31,-0.32681305583098114,-0.517268700213033,-0.7817902977073792,-0.35718802256135485
2002-02-01,1.184644667813259,0.3636361950781176,0.03990653708047581,-0.03425456061275646
2002-02-02,0.8204268678830681,0.275885725805873,-0.4276045342147659,-2.6632674318061786
2002-02-03,1.2315290064127147,0.6689516164108699,-1.075331438033693,0.9481953853477488
2002-02-04,-0.08309270972656711,1.4685647629482574,-0.15649504434930728,0.04148447183749368
2002-02-05,-0.22470759275324373,-0.893305641580825,-0.5326200985313156,0.033301763358738606
2002-02-06,0.19625084641580604,1.092292566601351,-0.36672715348351315,1.1352483130391737
2002-02-07,0.9780679843538876,2.263410675780231,-1.8478745138091919,-0.15497588150719357
2002-02-08,1.6840073890489229,0.7301632096327481,0.08811048783100345,0.33486820768127373
2002-02-09,-0.34921435315267774,1.4463103829587427,1.5790536536991695,0.1312672723635227
2002-02-10,0.6028775625748548,-0.7743057010434063,0.7056786492583149,-0.24214283292582134
2002-02-11,-0.8789670408297883,-1.1342440588682445,-2.124242135495347,-0.7508849997805677
2002-02-12,-0.06298961868165849,-0.5487783234675127,1.4473372073030124,-0.7249657223485299
2002-02-13,-0.14472809176785087,-0.8825524272426776,-0.007415345745516547,0.4335595352687039
2002-02-14,0.9113234452081005,-0.6312712463237169,-0.00515914939436288,-0.175773222903408
2002-02-15,-0.22709404575659997,-0.06542410783409434,0.7905377316874498,0.46019496491537415
2002-02-16,1.4926428580177007,-0.5523338672534238,0.21710173747415334,-0.512354108303075
2002-02-17,0.5230709261638433,-1.4443405525777055,1.2559216607338266,2.85693887276455
2002-02-18,0.36346384805257026,0.8066250354795786,0.4298089638882804,0.9965365947331551
2002-02-19,0.7076551139312423,-0.7080608574133016,1.5529996748524386,-1.5900997156587178
2002-02-20,-0.36933829671539514,0.9665814255591014,2.1372993952313886,0.28474906999912875
2002-02-21,-0.09770397266463315,-0.5633388103965554,0.917824168037545,1.5554915866256354
2002-02-22,-2.0187056687997544,-0.9826802687929995,-0.6483556183873666,1.2451903810356655
2002-02-23,0.872966136132875,-1.526974684893573,0.8179344166175262,0.45700629709345153
2002-02-24,-0.3041149080815432,-0.7162404281489355,0.6649611505522532,0.41043847504845243
2002-02-25,-1.3609864496129744,-0.1423025041655266,-0.4022072897376768,-0.3019929956107262
2002-02-26,1.167145653577885,0.39821610183920597,1.5328998906971993,-1.2311035441767864
2002-02-27,0.6795220600279007,1.2481094622732467,-0.321326122285489,-0.18458883708083357
2002-02-28,-0.5507257901549364,-0.002887454589128698,1.040189775645099,0.031562123672953385
2002-03-01,-0.7230017857181653,1.0096788155433387,1.7591489286468138,-0.7503098869106817
2002-03-02,-0.2977116639604494,0.7050929047152098,0.4040118272226785,-1.1902544448961312
2002-03-03,-0.13468154038518135,-0.5504978513538947,0.7986001148082844,0.0032174320949350764
2002-03-04,1.420622418301451,-0.08490849767249123,-0.5498844412366338,0.1500480442491055
2002-03-05,-0.3620602311384152,-1.0533112279961365,0.42173266771471934,-1.2982440607756924
2002-03-06,-1.6192809658276652,0.38020203793759333,0.09629590973158714,-2.242037369486955
2002-03-07,-1.3415474764427813,0.320543449894825,0.007147042208016606,-3.1307874883431888
2002-03-08,-1.1977745075046458,-0.04257591511759366,-1.275199881722768,2.1008979381324617
2002-03-09,-0.3826849349409354,-0.41126959179307804,-1.3792406857228976,-0.49157282684882114
2002-03-10,0.7090233206740706,0.9843807901346509,0.9046447227988099,-0.034056649878456004
2002-03-11,0.3999126476091546,0.4095227281999648,0.2222473215075667,-0.2621942823426775
2002-03-12,0.8161064266618793,-2.4364065439377676,-0.5405085812656226,-1.1562074644748304
2002-03-13,0.47356455685417087,-2.2204251761487743,0.24558774888410353,0.9860806943285587
2002-03-14,-0.2792055623020697,0.49671046268807284,0.18374838762845996,-0.8401156815718129
2002-03-15,-0.20425738767838744,1.3543426607124363,-0.8794606381427958,0.9484482655056743
2002-03-16,1.7436755371463049,-0.19236127538863884,0.7189021168162898,0.34458068491594407
2002-03-17,0.7968006364102052,-0.8674666782276844,0.4299231735186541,0.22543684323840235
2002-03-18,-1.0098802703766594,0.37163942493050245,0.9973362362354837,0.3971985574695435
2002-03-19,0.025381856453588356,1.2713147184392712,0.052625670706483094,-0.8507258803536422
2002-03-20,1.8292841880949722,0.33929881148928337,0.9229467759811831,0.3920592935371157
2002-03-21,-0.10034652849283547,-2.509020777478724,0.0755024072975477,0.8254547868092218
2002-03-22,0.7663279637054007,-0.6787951317165,0.09634317063067854,1.2060214517523462
2002-03-23,-0.4460206823948185,-0.3423082693433833,-0.13488047890551172,-0.5908952108235356
2002-03-24,-0.4435660820219888,0.03236610622355593,0.09867058929130695,0.6991274759400108
2002-03-25,-1.0899449364604588,-1.0734138069124302,0.7679644595320406,0.0230977505135724
2002-03-26,1.1359304527829506,1.1344070025999127,-0.8865544090203661,-1.7624080579078034
2002-03-27,-0.5730835712926798,-1.8684822541768127,-0.5371389608923027,-0.8425983852541576
2002-03-28,-0.19562600578836686,-0.6202053614624985,0.6578036868910937,-0.0579671133430876
2002-03-29,0.0308429251165635,-0.06839263373183754,-0.9044964339320908,-0.14719423449762922
2002-03-30,-2.1113043608069124,-0.35897107682148166,0.2882651553298418,-0.019113417803297332
2002-03-31,0.7521046386165833,0.18971774236300448,-0.8804636543133493,-0.7797539053865389
2002-04-01,0.21110154399793335,0.006176917211291012,-0.5816911952472522,0.36611858926115587
2002-04-02,-0.483418863036916,0.4439206217869908,-0.4061577382888868,-0.18334220546415197
2002-04-03,-1.053911895639433,0.7065778854118049,-0.058467794456619857,-0.7511893050050494
2002-04-04,0.7418990289721844,-1.4751000216574903,-0.2453496572016612,0.7851680324491064
2002-04-05,-0.07814517224468182,-0.0966685934725506,1.2757527060039202,0.7230418104701484
2002-04-06,-1.9247051630696592,2.2025097771420095,-0.1585594558908385,-0.7230145227013908
2002-04-07,-0.1039065471437329,-0.14748109706595947,-0.732769684903887,0.7423137995447961
2002-04-08,-0.5628247227289982,1.068562466618341,0.4681078242309303,0.8055074475547336
2002-04-09,0.42252252063205636,-1.0474472409820654,0.7220123278165438,1.4919753364816963
2002-04-10,0.2963928804454159,0.9416705448586993,1.2607932237625676,-0.941685432182407
2002-04-11,2.425155967119316,-1.2699403706030707,0.8819219967705602,1.401013768065564
2002-04-12,-1.2194422105687017,0.21826408436029548,-0.6457696650583475,0.3985415664793246
2002-04-13,-0.5573231486140949,-0.4681056019439087,-0.6559239962111187,-0.017954270833412698
2002-04-14,0.35175508716058335,-0.2673144133278805,0.7906694935309002,-0.8690391789932417
2002-04-15,0.2975642734194066,-0.7513078291134324,1.0623264406576576,0.9470111957700775
2002-04-16,2.999117207644903,0.16057846372584325,0.31764980517190694,0.5179485599068872
2002-04-17,-0.9779141217902191,-0.5871111516576936,0.11773127411927632,-0.3615038811237431
2002-04-18,0.07655226454518564,-1.58854988757145,-0.6988648405595077,-0.27639495903873545
2002-04-19,-0.1274869604378414,0.01632504652440714,-2.353056963443395,-0.8288885674844858
2002-04-20,0.8430217763592215,-0.2906994586823064,0.4401537229240233,0.61465064875338
2002-04-21,-1.0360290285466487,-1.2880667886878048,1.5420662670225245,-1.9620876982907947
2002-04-22,0.4289353530178904,-0.6934228423037396,-0.2109258441627939,0.26450467990121274
2002-04-23,1.0109307176264042,1.5172592962597151,0.22732513661683806,-0.8466913431770604
2002-04-24,0.4977122272983931,0.09860998408666702,0.612381972988304,1.0667079800713333
2002-04-25,-0.3941596412283109,0.31650045468903676,-1.590321510306869,-0.25968107161248094
2002-04-26,0.5909379907794262,-0.7017366129338707,0.5510889894763759,0.06623793830206574
2002-04-27,0.2753520675287692,0.5244227508110005,1.4704532018916303,0.06316003933719763
2002-04-28,0.019963270886607633,-1.5448904794189244,-0.7080946470701677,0.00960931571904129
2002-04-29,0.3912004720427773,0.32406435890010377,-0.28525980880441726,1.6126036571162934
2002-04-30,-0.5468276416204011,0.7764134432263546,0.47588441989835145,-0.16141159421193227
2002-05-01,-0.4457423542045005,-1.1090335380051297,-1.0684108614147805,0.1584489934661923
2002-05-02,0.5268487885072597,-0.242432176715455,1.2201624233707324,2.062017066388116
2002-05-03,2.3692054690228503,0.9078641330317933,-0.6612739058811129,-0.46397024105640144
2002-05-04,0.08158716988070246,0.13134698823347468,-0.3375806210705918,0.18791012914292063
2002-05-05,-0.7381105532398367,0.08657335744732812,-0.7064858992310925,-0.5440261098506481
2002-05-06,0.02041704045420326,0.07913385255364405,-1.5584009946882638,0.7972585650493202
2002-05-07,-0.7458757515607345,-0.9358761706017638,-0.2602087251374384,1.4223647660888148
2002-05-08,0.182441193470414,-0.37646649362910123,1.2694519621194171,0.6775836124372911
2002-05-09,0.3780876405328673,1.1261090301859484,0.8675840151588438,-0.6156304393534091
2002-05-10,0.8606218979241634,-0.40333094117151974,-0.32071017751493625,0.6516368209290312
2002-05-11,-0.3091449939867781,2.15940704625831,0.6178061065906848,-1.5379794307074144
2002-05-12,-0.7938380721288415,-0.23800576682385735,1.3313781935208644,-0.9841793309153017
2002-05-13,-0.24742535326247708,-0.8228271867200333,0.33018228773436464,-1.135794680696815
2002-05-14,0.35286155569049793,-0.821104370212891,-1.3336235324698158,-0.8919202476675507
2002-05-15,0.014602212539125803,1.1374947432313165,-0.8519134882825172,-0.02179408947919035
2002-05-16,2.2218745733260925,-0.10238156551258645,0.15376407692526273,-1.8155091454260002
2002-05-17,0.11458243646879722,0.3454767031517223,0.6112770540971513,0.14658262789889356
2002-05-18,-0.6737001620255926,0.7964885022385052,2.750750381094579,-1.2766758111138503
2002-05-19,-1.6809278021299563,-0.2949037868541498,0.6354059626401255,-0.1453712592017002
2002-05-20,-2.3156174495578097,-0.7989237757905812,0.0264415487424279,0.7750126844817777
2002-05-21,1.1010254597723788,-0.9568094364903887,-0.4648958951904163,-1.242572172817365
2002-05-22,-0.49155534082713714,-0.35965835877990066,0.46648791593982386,0.9560325772703785
2002-05-23,0.5087788146828616,0.7553355960821035,-1.9542262464029496,-0.5759038306902983
2002-05-24,1.0828099366426525,-0.5837684953234061,-1.0628132972000892,-1.0131942697540453
2002-05-25,1.335598229551421,0.039064890960259266,-0.06410426167191197,-0.0782458129322096
2002-05-26,-0.796406226800441,-0.6008817435768579,0.5343518675462453,-0.4070661124004422
2002-05-27,0.4791583671046019,-0.17773947609130855,-0.2802468751355095,0.05876838916579266
2002-05-28,-0.6091362939457641,0.6876498457677968,-0.8277316193151418,-0.6916265008361304
2002-05-29,-1.21815584819462,1.3156383650022025,1.5084617715115822,1.3647728095966072
2002-05-30,0.32436925888258816,1.3424102476760718,-1.1316653812611206,0.9483834327067413
2002-05-31,1.0870719721474966,-0.9288398631400561,0.9928353529754724,-0.40487745643184664
2002-06-01,1.8449833793185475,-0.8561139268550892,1.1534486945286373,1.50751816062044
2002-06-02,-1.4325091107011616,0.12486501542872672,0.6625428426896669,0.6742311329157802
2002-06-03,0.6552632350483907,0.2154624385237458,0.7999149108360449,-0.9924507988101772
2002-06-04,1.4126902496121507,-0.2832683082259005,0.7062272929324146,0.7115598727164645
2002-06-05,0.16219946939681845,1.058779611479392,0.2217136366000956,0.6795715563263212
2002-06-06,-0.26082546711552074,-0.6717379079373265,-0.8227499301893572,-0.008387200925937142
2002-06-07,0.893808572269175,0.7036473667361336,0.2532069874397388,0.5336199583672
2002-06-08,0.4679600353132024,-0.4413790338721829,2.156988118618573,-1.5678280612019633
2002-06-09,-0.12278210152076192,-1.1955172867543393,0.19806121881784527,1.7516171921748203
2002-06-10,0.6875167948907782,-1.884858137545212,-0.22008345006555374,1.6190219789557831
2002-06-11,-0.254100916447792,-1.0052482044724738,-1.33721619470106,-1.6140863014269766
2002-06-12,-0.9041570376755155,0.45654072113267086,-0.30246810749289993,-0.8491336718435057
2002-06-13,0.44181229275370987,-0.004098097246026418,0.19326177224224098,0.09169598850064994
2002-06-14,0.8389854499480112,-0.02138241700558162,-1.2498216881454074,-2.2076370681098894
2002-06-15,-0.1577281313264181,-0.38965108872440757,0.5762229299507061,0.16436921765046072
2002-06-16,1.2024098910702206,0.1714863865423193,-0.8447504167234848,0.7733307459482408
2002-06-17,0.2598822089818003,0.6517803061874665,-1.5655938061927288,-0.9729195007310264
2002-06-18,-0.47935091890164355,0.4134052990889419,0.3936393250230636,-1.3501830885486685
2002-06-19,0.5184183698921818,0.49903264020327387,-1.743857701728017,0.5260949566987603
2002-06-20,-0.6690299988824734,0.7721041294769618,0.8993727034502833,-1.158637422375041
2002-06-21,1.9832793751386113,-1.200743237872109,-0.0134302377181001,1.4983211686721924
2002-06-22,0.9127950581274522,2.1404469650348092,-0.0807647195429826,1.4253027461345793
2002-06-23,-0.29507387939659957,0.41467709300961636,-1.2767323026649031,0.3415830747682955
2002-06-24,0.47491357767798276,-0.9551578893986232,-0.7412756261403636,-1.112876663361092
2002-06-25,0.6952507976834904,0.5087036051835042,1.775203059963238,-0.8822042837343453
2002-06-26,0.025298743448127284,-1.4470801894322296,-1.953607803571153,-0.6490759234501103
2002-06-27,1.3384500464324716,-1.0193194679852906,1.3594302276659114,-0.36591184502969765
2002-06-28,-0.2604226534602496,0.1381276641825932,1.3749286935111142,-1.4070595341932366
2002-06-29,0.9221144610321913,0.3972288302726634,0.8517812932852185,0.3699802335962644
2002-06-30,1.1610479999206451,1.6340468732657647,0.58183254438847,1.776816496548429
2002-07-01,0.5840525970709167,0.1421209142257148,-0.019903600358679798,-0.3998595063430521
2002-07-02,0.23701553899392738,-0.1235329562246198,1.4260477825432945,-1.598879235443432
2002-07-03,-0.8581982688920651,0.3776852860167714,-0.3448703145949779,0.24371736405521166
2002-07-04,0.14506173538244724,-1.6368787814622041,1.1629324728101569,-0.3663839569646444
2002-07-05,-0.9259960885538957,-0.3638813483009666,1.1524701599686242,1.097281936384976
2002-07-06,-0.5029562618772379,0.7640600508033255,0.4315728340573523,-0.09875282327050729
2002-07-07,-0.7484426223268751,0.9583806128887447,-0.45088466132400296,1.929036539511143
2002-07-08,0.19918027568330238,0.7028917792036319,2.31567824038205,-0.4545247633599685
2002-07-09,-1.1226541511805648,0.39466423618312246,-1.3533105544333168,-1.2737169889416542
2002-07-10,-0.5194633741689109,0.49248732297904474,-0.6682644980601522,1.0978227854872935
2002-07-11,-0.6114448445305337,1.1412545092265916,-0.3861026603904384,0.058403507842893186
2002-07-12,-0.4197756034883535,0.7356077719563909,-1.8336183884015729,1.1896503358176238
2002-07-13,0.48338847517848116,0.18587820130438323,-0.6019914872987339,1.3320590621547832
2002-07-14,0.031583335530342815,0.8093827755411203,1.4026460293474232,1.3370989421197408
2002-07-15,-0.0025561240538967806,1.5994349808072477,0.23171443975422318,0.9199599665495396
2002-07-16,0.4264210511829387,-0.008848036593586347,1.8952336983145825,-0.6767089223207575
2002-07-17,0.3127176295076322,-1.1316530042178796,-1.099252162443477,-0.7089076540202514
2002-07-18,0.8938136755235141,-0.6733342786286209,-2.453141254217971,0.026255242756601332
2002-07-19,-0.27596960048034763,-0.8112821721423626,-0.6717714562097501,0.810097253946483
2002-07-20,0.456305243859279,-0.7355308732504086,0.8882162501785273,1.089264336323188
2002-07-21,-2.2467085950352734,-0.2850122609012829,1.0896696424105363,1.4413261849477257
2002-07-22,-0.36023987204961383,-1.438768883631649,0.5016723012261187,0.06591840184914798
2002-07-23,0.6317748401901132,0.12641142952661144,-0.23706110358210902,1.1723282099889427
2002-07-24,1.4490057357383106,0.7959446112858616,1.7570039928768189,0.1165357512498094
2002-07-25,0.027289357067259146,0.9222379480518301,-0.09411318184304403,-0.9402297530521997
2002-07-26,0.8562434245590986,-0.9588148509998403,0.2612065811840397,-0.4124409316956519
2002-07-27,-0.2899319783531797,1.2973603136328413,0.48734390812656964,-0.5701491067172583
2002-07-28,-0.034399922206029054,0.9941068595461809,-0.25281607121459,0.6178524446136617
2002-07-29,1.0014722264219964,-1.6182847211869003,0.5543526993342313,1.3501755984884438
2002-07-30,0.3368888250619873,1.2885273383996372,0.2615297503836501,-0.15850461861622006
2002-07-31,-0.7479171098772309,-0.35281129891373464,-1.4147636173781015,-1.032965268555027
2002-08-01,-0.7936919104919375,0.15634951718779289,0.015880602965729275,-0.07336670130228332
2002-08-02,0.4974667880526489,-1.6522439431820477,0.6949080749056157,1.5415118992316752
2002-08-03,-1.2799245179241088,-0.7330822933469191,0.29167106233296297,0.1483923572363906
2002-08-04,-0.3972407642195005,0.7643738002980414,2.1430737462910043,0.008360168150200294
2002-08-05,-0.005710289405623585,2.0600539489198724,0.23874874407889707,0.7255080141217943
2002-08-06,-0.5786379998150891,0.5336687892404925,-0.21062497186172408,-0.6584081517731426
2002-08-07,-0.5983234109230566,1.1036562979219418,-0.3636659759265748,1.4135175173471095
2002-08-08,-0.8881315762073474,0.8264112213432898,0.9292210044881313,-0.04656585000580017
2002-08-09,1.192906153715753,-0.9325663993089229,0.380768420624083,0.10657101962111126
2002-08-10,-0.4384046890853396,0.35117688659679525,-1.5950672233861172,1.2019115677733512
2002-08-11,2.0752125555541014,0.41205209070009136,-1.5718199316962214,0.14320399200748607
2002-08-12,0.5836999929988201,0.11178124604440616,-1.258578505683377,-0.41685506556595525
2002-08-13,-0.3058261141180112,0.8891119974445189,1.1551367653101325,0.5064520485903455
2002-08-14,-0.378988410040187,-0.19443584351480958,-0.18008585023421506,0.0984008547758658
2002-08-15,-0.9517666788689525,-0.023800822626189513,0.27348639172066436,-0.43396598924106655
2002-08-16,-0.20350677591426322,1.4001150446620658,-0.20860694925539824,-1.9936593669190534
2002-08-17,1.112225946740947,0.022122661250194943,-0.07472236148341126,0.5242407515591728
2002-08-18,-0.7327931084337685,3.1839186351283155,1.4051268932203558,1.5604985267847866
2002-08-19,0.7886701566361356,-0.19639408220792415,-1.2769491380015119,-1.391536831520927
2002-08-20,-0.545557684690746,-1.6950896929188315,1.6401848791002382,0.9336771301776153
2002-08-21,0.7058130479703543,0.42333025434187066,0.6959216510762058,-0.5971352927374237
2002-08-22,0.16809410177291356,-2.105384523153927,-0.7097613399084747,0.7581199346549489
2002-08-23,1.1714036890101844,1.2137998376832744,0.9268541293772284,0.1670007602866967
2002-08-24,-1.5370478143420845,1.123659837301266,-0.664995843293669,0.648176878306012
2002-08-25,-0.05356223682916301,0.38550265248956905,1.3337648411679717,-1.008171149951892
2002-08-26,-1.4024162897495795,1.6309062294954033,-0.35023625484170473,1.4301415704075846
2002-08-27,-1.3271961065895994,-0.342881035507779,0.9740018541093387,-0.8772278121886942
2002-08-28,-0.08942804766862388,0.21458551804907855,0.47472035711735106,0.9038008305601419
2002-08-29,1.2785755060715194,0.1678593252939218,0.3470027766021473,-1.19010860216977
2002-08-30,-1.3715510651376928,0.024234966204661472,0.5859982414145185,-1.2174026284300559
2002-08-31,1.012996246712038,0.17904328585538243,-2.1173976722439285,0.10585778263805748
2002-09-01,-0.7098380685654363,-1.191532132267349,-0.6834742838434691,-0.854742491927535
2002-09-02,1.5278456199152635,-0.6500296801721475,1.152709933484874,-1.2468194793388558
2002-09-03,-0.41107791588721837,-1.3485352669429087,-0.5560077058679211,0.3366917945762612
2002-09-04,0.7573885373744784,0.6373468666101388,0.4166630198230402,1.3220875792201574
2002-09-05,-1.0843854918967886,0.3186838806923631,0.9262745984368879,-0.735710703321264
2002-09-06,1.4327985154279665,2.0136522513329,0.24737314378756728,-1.6494422902911365
2002-09-07,-1.8496078654269061,0.714524941778075,0.12572572271796256,-0.7397527008014333
2002-09-08,-1.5675330192466288,-0.6379639839466282,-0.45291664752536026,0.7428498992780282
2002-09-09,0.009733127559040534,-2.020761350637438,1.2104993698781983,0.4412811715453593
2002-09-10,-1.4390509683189057,-0.057861254103600816,1.0050732504722957,-0.44365390484631007
2002-09-11,-1.3555823155200775,1.6428726913270384,1.2972987136467031,0.8760826382296448
2002-09-12,-1.3455885079712815,0.6509588822694917,0.8210409864992232,1.2142213816554062
2002-09-13,-0.6976615235850655,-0.10318634752689308,-0.1761591056294149,-1.205069740436457
2002-09-14,0.7916906113972823,0.9050496802187024,-0.4198205642611587,1.250562301429757
2002-09-15,-1.2836556896436413,0.3585363146402001,0.1934397990756431,-0.41420401694630005
2002-09-16,0.6493010928091463,-0.16162062522996398,0.007142495083771206,-0.8290486461484448
2002-09-17,-0.3477256515326618,-0.8932698926860467,-2.4358731051121576,-0.5502310014203973
2002-09-18,0.9616146474766935,-1.083982009654357,-0.7255389800435019,-0.6969395648973704
2002-09-19,0.3081929912993178,0.3948206261069355,-0.0391194900496645,0.28774060689053255
2002-09-20,-0.20900747686885426,1.0402734144834958,-0.1979168086631937,-1.499342528489868
2002-09-21,-0.9815793335908377,-2.10689036697294,0.9494966691398631,-1.5219036581783387
2002-09-22,-1.1235019254620582,-1.0732787315423735,0.20868537946728974,0.013616541015975706
2002-09-23,0.3532597048039959,0.18490776695023164,-1.5567655713239035,0.27597086909259694
2002-09-24,0.6780154136677764,0.2771483950373686,0.8018445306967752,-0.30768299080734834
2002-09-25,-0.5823333101646805,2.000570959653642,0.4729731276424595,0.5122825719951418
2002-09-26,0.5650467866197104,-0.15489010101476894,-0.7787294568696493,-0.47304592424187913
